city,date,precip_mm
Madrid,2010-01-15,35.28055420920943
Madrid,2010-02-15,31.685047608434605
Madrid,2010-03-15,27.799318272521205
Madrid,2010-04-15,51.111555235148515
Madrid,2010-05-15,51.65640342943478
Madrid,2010-06-15,48.64183237062095
Madrid,2010-07-15,68.2874996442397
Madrid,2010-08-15,57.24274461342169
Madrid,2010-09-15,47.49549377993204
Madrid,2010-10-15,29.21869099148488
Madrid,2010-11-15,23.01546498979085
Madrid,2010-12-15,20.185570797858226
Madrid,2011-01-15,18.01056248196401
Madrid,2011-02-15,25.601303948448543
Madrid,2011-03-15,27.638016303902432
Madrid,2011-04-15,43.4845578419272
Madrid,2011-05-15,47.628265088230044
Madrid,2011-06-15,57.52288628186975
Madrid,2011-07-15,53.55471316819124
Madrid,2011-08-15,45.48817998567287
Madrid,2011-09-15,39.42020049363779
Madrid,2011-10-15,20.27579149367891
Madrid,2011-11-15,36.79989584479287
Madrid,2011-12-15,26.457742752955063
Madrid,2012-01-15,15.93317073252481
Madrid,2012-02-15,26.161157779275204
Madrid,2012-03-15,36.10333708279982
Madrid,2012-04-15,56.94055682443922
Madrid,2012-05-15,75.30495256852055
Madrid,2012-06-15,53.74671389148762
Madrid,2012-07-15,55.819424970934676
Madrid,2012-08-15,44.50946106838515
Madrid,2012-09-15,44.100244300407134
Madrid,2012-10-15,35.64389866597524
Madrid,2012-11-15,22.666977936064953
Madrid,2012-12-15,17.260076031976848
Madrid,2013-01-15,25.543899859158465
Madrid,2013-02-15,35.23835718191752
Madrid,2013-03-15,43.95953022920148
Madrid,2013-04-15,63.12399035337076
Madrid,2013-05-15,48.04743734397796
Madrid,2013-06-15,67.15591027777492
Madrid,2013-07-15,71.51474549440415
Madrid,2013-08-15,56.97084657717197
Madrid,2013-09-15,44.10165453880633
Madrid,2013-10-15,14.484616997915296
Madrid,2013-11-15,34.41656288250462
Madrid,2013-12-15,22.47770146715484
Madrid,2014-01-15,13.645829918981562
Madrid,2014-02-15,21.810631002182728
Madrid,2014-03-15,29.60624869782196
Madrid,2014-04-15,43.97629362227291
Madrid,2014-05-15,59.81587485925094
Madrid,2014-06-15,51.264636412592665
Madrid,2014-07-15,52.0999675484945
Madrid,2014-08-15,42.27563530985609
Madrid,2014-09-15,37.105244668333036
Madrid,2014-10-15,22.25781725814105
Madrid,2014-11-15,21.903348133345926
Madrid,2014-12-15,23.048567963849734
Madrid,2015-01-15,20.76527286124328
Madrid,2015-02-15,29.969456324618374
Madrid,2015-03-15,39.1411318104947
Madrid,2015-04-15,58.56604983522159
Madrid,2015-05-15,56.42161770662284
Madrid,2015-06-15,74.95058953845466
Madrid,2015-07-15,60.774761619636365
Madrid,2015-08-15,38.74160161387794
Madrid,2015-09-15,32.98221005570805
Madrid,2015-10-15,25.18102124292005
Madrid,2015-11-15,10.730603415472022
Madrid,2015-12-15,32.73813127588069
Madrid,2016-01-15,18.230992160710116
Madrid,2016-02-15,44.189291282098345
Madrid,2016-03-15,49.65646143587382
Madrid,2016-04-15,59.52192424649172
Madrid,2016-05-15,54.196945107566336
Madrid,2016-06-15,63.68884247086398
Madrid,2016-07-15,57.630408739477296
Madrid,2016-08-15,53.14199263083785
Madrid,2016-09-15,44.67812677286452
Madrid,2016-10-15,23.333376279514972
Madrid,2016-11-15,31.799911088995795
Madrid,2016-12-15,12.382224408887316
Madrid,2017-01-15,21.825163635239388
Madrid,2017-02-15,23.93666612222856
Madrid,2017-03-15,22.999596359497318
Madrid,2017-04-15,44.91109292286806
Madrid,2017-05-15,44.489638817090444
Madrid,2017-06-15,43.97258211964561
Madrid,2017-07-15,62.56945878723835
Madrid,2017-08-15,51.40889692346569
Madrid,2017-09-15,49.62446429573823
Madrid,2017-10-15,33.394708311894036
Madrid,2017-11-15,21.156459295973256
Madrid,2017-12-15,19.89003939709556
Madrid,2018-01-15,21.722709591554235
Madrid,2018-02-15,18.666101206706514
Madrid,2018-03-15,47.07242061412311
Madrid,2018-04-15,52.24603158629049
Madrid,2018-05-15,45.783851009001545
Madrid,2018-06-15,61.189698602052744
Madrid,2018-07-15,80.05355605998963
Madrid,2018-08-15,38.41121025031981
Madrid,2018-09-15,45.39508870011965
Madrid,2018-10-15,35.45700518415709
Madrid,2018-11-15,16.27883617538199
Madrid,2018-12-15,28.272077870859434
Madrid,2019-01-15,31.725566658511063
Madrid,2019-02-15,27.248979262744186
Madrid,2019-03-15,39.58158574028363
Madrid,2019-04-15,54.72502274090101
Madrid,2019-05-15,57.69404891347422
Madrid,2019-06-15,52.48580649426797
Madrid,2019-07-15,51.74604226394368
Madrid,2019-08-15,42.14217031940611
Madrid,2019-09-15,46.345484939027486
Madrid,2019-10-15,40.373144900467125
Madrid,2019-11-15,12.223804027413776
Madrid,2019-12-15,21.991400060549502
New York,2010-01-15,55.11374260082264
New York,2010-02-15,47.000237682135584
New York,2010-03-15,69.40646820565989
New York,2010-04-15,78.4649877164421
New York,2010-05-15,87.46498727033979
New York,2010-06-15,85.87912708226291
New York,2010-07-15,102.08288836403119
New York,2010-08-15,74.7123492782045
New York,2010-09-15,51.911013087798594
New York,2010-10-15,49.55374760237204
New York,2010-11-15,56.83356338257062
New York,2010-12-15,58.19954332442653
New York,2011-01-15,45.583882289452625
New York,2011-02-15,62.24103601639616
New York,2011-03-15,72.2321079835954
New York,2011-04-15,77.48143631003273
New York,2011-05-15,90.88037308217821
New York,2011-06-15,89.59984147790874
New York,2011-07-15,70.06008347102753
New York,2011-08-15,80.12352045825783
New York,2011-09-15,63.457308488849534
New York,2011-10-15,63.91772147956657
New York,2011-11-15,65.26405155602903
New York,2011-12-15,44.70285387189316
New York,2012-01-15,53.086616621250236
New York,2012-02-15,69.59763119754446
New York,2012-03-15,57.58721828615785
New York,2012-04-15,72.59318946995074
New York,2012-05-15,85.27820063639574
New York,2012-06-15,94.68172206710365
New York,2012-07-15,93.42239073062693
New York,2012-08-15,68.37177447665405
New York,2012-09-15,70.19470794534499
New York,2012-10-15,52.03360059397974
New York,2012-11-15,55.312962865767105
New York,2012-12-15,41.30125242861989
New York,2013-01-15,51.966474566803214
New York,2013-02-15,48.439248539674594
New York,2013-03-15,72.57001597311137
New York,2013-04-15,88.98847298764545
New York,2013-05-15,85.01752444392767
New York,2013-06-15,78.41305230742805
New York,2013-07-15,84.66705733150289
New York,2013-08-15,86.74084709856619
New York,2013-09-15,74.98502337815117
New York,2013-10-15,66.75355073436614
New York,2013-11-15,57.58587953728637
New York,2013-12-15,54.62742313038129
New York,2014-01-15,53.80048345677462
New York,2014-02-15,55.630423265400616
New York,2014-03-15,61.800921009541646
New York,2014-04-15,70.42120907349532
New York,2014-05-15,93.19769991659133
New York,2014-06-15,79.57623819558837
New York,2014-07-15,91.13638623231
New York,2014-08-15,86.70467349432433
New York,2014-09-15,87.6521566262436
New York,2014-10-15,62.670737019512174
New York,2014-11-15,66.60666737694838
New York,2014-12-15,37.786479289915725
New York,2015-01-15,64.61787889877061
New York,2015-02-15,47.806533391163384
New York,2015-03-15,72.43340840926405
New York,2015-04-15,72.27759248677926
New York,2015-05-15,96.91804105632077
New York,2015-06-15,105.60635834198585
New York,2015-07-15,78.26881658442356
New York,2015-08-15,92.79646615156499
New York,2015-09-15,63.452815330259284
New York,2015-10-15,69.60730274568274
New York,2015-11-15,47.33877661909053
New York,2015-12-15,55.846834725872895
New York,2016-01-15,40.60477245325733
New York,2016-02-15,55.288616230758315
New York,2016-03-15,54.56140649106548
New York,2016-04-15,74.60211085681041
New York,2016-05-15,75.1605649709362
New York,2016-06-15,95.7898097066689
New York,2016-07-15,86.33764577073738
New York,2016-08-15,81.85256038196539
New York,2016-09-15,76.932689310703
New York,2016-10-15,48.1564990628049
New York,2016-11-15,53.36042334349306
New York,2016-12-15,47.794982437667635
New York,2017-01-15,39.70206863114243
New York,2017-02-15,54.43241080165993
New York,2017-03-15,79.01058932913769
New York,2017-04-15,65.82342603012064
New York,2017-05-15,98.27576713148366
New York,2017-06-15,91.5334513944959
New York,2017-07-15,74.64258614079371
New York,2017-08-15,81.87691910304551
New York,2017-09-15,78.40895720681726
New York,2017-10-15,63.69965322311035
New York,2017-11-15,41.95477427043335
New York,2017-12-15,45.25055048187509
New York,2018-01-15,56.71315580872632
New York,2018-02-15,64.63464962838657
New York,2018-03-15,73.22061855220024
New York,2018-04-15,89.29844020316688
New York,2018-05-15,86.5362959680011
New York,2018-06-15,86.99644132265932
New York,2018-07-15,83.50918094170662
New York,2018-08-15,62.613816150929125
New York,2018-09-15,69.27560563734616
New York,2018-10-15,72.11865343519877
New York,2018-11-15,62.66580300595291
New York,2018-12-15,44.464983334059234
New York,2019-01-15,48.94074008814245
New York,2019-02-15,49.44743445990542
New York,2019-03-15,79.47842234720261
New York,2019-04-15,88.09226052412622
New York,2019-05-15,86.20035040009493
New York,2019-06-15,77.8994522341191
New York,2019-07-15,84.98026099385199
New York,2019-08-15,78.34455040285246
New York,2019-09-15,56.45074448220697
New York,2019-10-15,50.77494005223977
New York,2019-11-15,63.58311163586684
New York,2019-12-15,44.65023945353265
London,2010-01-15,34.860515433301536
London,2010-02-15,65.51188988237374
London,2010-03-15,76.47076725392706
London,2010-04-15,63.02047375634025
London,2010-05-15,91.251065468215
London,2010-06-15,81.29025825730506
London,2010-07-15,97.08386952215096
London,2010-08-15,77.12218981715229
London,2010-09-15,65.64006574355601
London,2010-10-15,53.151901241031275
London,2010-11-15,63.9223441702728
London,2010-12-15,25.193141844662858
London,2011-01-15,53.68419752602052
London,2011-02-15,55.7045489340597
London,2011-03-15,66.95585318146038
London,2011-04-15,72.71723339219764
London,2011-05-15,69.52997663403272
London,2011-06-15,88.65541880553467
London,2011-07-15,69.96366522529928
London,2011-08-15,56.79397703777168
London,2011-09-15,63.752934575683916
London,2011-10-15,50.68065979132699
London,2011-11-15,54.058114448279554
London,2011-12-15,42.66145908609926
London,2012-01-15,40.21944583933277
London,2012-02-15,53.63434862595659
London,2012-03-15,75.2552689112081
London,2012-04-15,66.29719297397708
London,2012-05-15,95.5024828215345
London,2012-06-15,93.15919861640074
London,2012-07-15,83.28752923564956
London,2012-08-15,56.199951806532255
London,2012-09-15,51.060623996956835
London,2012-10-15,53.226830140654094
London,2012-11-15,54.876752416966696
London,2012-12-15,44.049029107500075
London,2013-01-15,34.11366216535734
London,2013-02-15,50.904983009512286
London,2013-03-15,74.8797645634375
London,2013-04-15,72.02168266859763
London,2013-05-15,82.50007955486957
London,2013-06-15,74.5209276798406
London,2013-07-15,86.09538580230064
London,2013-08-15,53.13026918778972
London,2013-09-15,60.79234965475217
London,2013-10-15,67.89124051706945
London,2013-11-15,47.460788323705174
London,2013-12-15,35.440123151094205
London,2014-01-15,37.632632222243345
London,2014-02-15,58.04979693012626
London,2014-03-15,70.87563441572793
London,2014-04-15,79.87845750697046
London,2014-05-15,83.00112870857727
London,2014-06-15,84.82216237877547
London,2014-07-15,72.16047006013687
London,2014-08-15,79.28355581742807
London,2014-09-15,63.64020057461215
London,2014-10-15,57.830769810243716
London,2014-11-15,40.1997603597527
London,2014-12-15,29.775337689044683
London,2015-01-15,38.97263590229864
London,2015-02-15,39.500788616191244
London,2015-03-15,70.98351135751919
London,2015-04-15,82.35187056992237
London,2015-05-15,73.026551798402
London,2015-06-15,73.78243734356847
London,2015-07-15,70.46417054838992
London,2015-08-15,67.31996153379059
London,2015-09-15,43.622410713044424
London,2015-10-15,54.26931611941057
London,2015-11-15,42.0087215999651
London,2015-12-15,46.39822454073113
London,2016-01-15,37.628426921848344
London,2016-02-15,66.24584217095487
London,2016-03-15,64.79896063905446
London,2016-04-15,68.19396617464322
London,2016-05-15,95.79375439288482
London,2016-06-15,88.86981567520057
London,2016-07-15,78.28398690989859
London,2016-08-15,70.01792296540778
London,2016-09-15,48.1164142726351
London,2016-10-15,36.493841769551125
London,2016-11-15,35.033538193727466
London,2016-12-15,44.57606322251571
London,2017-01-15,45.07481806170864
London,2017-02-15,49.89339621254652
London,2017-03-15,66.92420727353343
London,2017-04-15,82.80316907931953
London,2017-05-15,75.07288079925917
London,2017-06-15,100.37235028652222
London,2017-07-15,80.81948352158327
London,2017-08-15,69.55875380083425
London,2017-09-15,62.721211270096404
London,2017-10-15,60.48667036142435
London,2017-11-15,42.50015683628044
London,2017-12-15,45.56442235941211
London,2018-01-15,48.41880688832249
London,2018-02-15,53.141188709757195
London,2018-03-15,69.88143719032884
London,2018-04-15,75.39775037295861
London,2018-05-15,77.16614841158979
London,2018-06-15,93.76151015727213
London,2018-07-15,85.54980261230774
London,2018-08-15,78.32381681941548
London,2018-09-15,65.77537656884581
London,2018-10-15,57.641395072393905
London,2018-11-15,40.99396266364525
London,2018-12-15,46.42107082529992
London,2019-01-15,51.236389094660886
London,2019-02-15,51.32513884554453
London,2019-03-15,65.76279154202004
London,2019-04-15,76.30116508881436
London,2019-05-15,85.27648227018494
London,2019-06-15,91.50687915531503
London,2019-07-15,75.92353169348256
London,2019-08-15,68.34087406681887
London,2019-09-15,59.748074414613484
London,2019-10-15,56.61272165342678
London,2019-11-15,55.169941561875085
London,2019-12-15,31.16228855558071
Tokyo,2010-01-15,86.75124688680651
Tokyo,2010-02-15,89.71284548706836
Tokyo,2010-03-15,104.56174204231283
Tokyo,2010-04-15,100.47184259225503
Tokyo,2010-05-15,114.25218466165339
Tokyo,2010-06-15,116.24012332406708
Tokyo,2010-07-15,113.9544790595311
Tokyo,2010-08-15,121.7610565836093
Tokyo,2010-09-15,88.68231494701878
Tokyo,2010-10-15,88.34762824695511
Tokyo,2010-11-15,77.47498359866192
Tokyo,2010-12-15,76.38562696570035
Tokyo,2011-01-15,67.6601310999541
Tokyo,2011-02-15,97.1322912501732
Tokyo,2011-03-15,109.29160389276068
Tokyo,2011-04-15,119.53011213800997
Tokyo,2011-05-15,120.24310001159915
Tokyo,2011-06-15,128.2943268996756
Tokyo,2011-07-15,112.93052183107669
Tokyo,2011-08-15,119.7822518263801
Tokyo,2011-09-15,104.25137804233323
Tokyo,2011-10-15,96.51438977617691
Tokyo,2011-11-15,79.95764136344158
Tokyo,2011-12-15,71.41771008676157
Tokyo,2012-01-15,90.74850249097571
Tokyo,2012-02-15,87.92688677365919
Tokyo,2012-03-15,96.06890411797066
Tokyo,2012-04-15,110.89015649124983
Tokyo,2012-05-15,132.02489225864267
Tokyo,2012-06-15,96.2141727806945
Tokyo,2012-07-15,121.29645045990797
Tokyo,2012-08-15,120.12142940917866
Tokyo,2012-09-15,108.8939138592889
Tokyo,2012-10-15,98.46068902891481
Tokyo,2012-11-15,81.1427176944619
Tokyo,2012-12-15,84.2564089619188
Tokyo,2013-01-15,84.95017179688796
Tokyo,2013-02-15,97.75593896659007
Tokyo,2013-03-15,97.47038138147792
Tokyo,2013-04-15,109.64979773573151
Tokyo,2013-05-15,108.59678560008066
Tokyo,2013-06-15,117.98382244320453
Tokyo,2013-07-15,112.91662709980261
Tokyo,2013-08-15,107.35127672483885
Tokyo,2013-09-15,102.37178403906461
Tokyo,2013-10-15,97.64774905370629
Tokyo,2013-11-15,83.70048670719486
Tokyo,2013-12-15,70.24801896477105
Tokyo,2014-01-15,76.31337944010494
Tokyo,2014-02-15,79.18743860593102
Tokyo,2014-03-15,98.52391274557534
Tokyo,2014-04-15,105.33175470665928
Tokyo,2014-05-15,110.96913890611651
Tokyo,2014-06-15,122.23254233058252
Tokyo,2014-07-15,115.85441249384446
Tokyo,2014-08-15,117.5211570925459
Tokyo,2014-09-15,88.98762363573039
Tokyo,2014-10-15,94.60201187303365
Tokyo,2014-11-15,81.37157080598888
Tokyo,2014-12-15,81.24837224913075
Tokyo,2015-01-15,99.88948046355416
Tokyo,2015-02-15,97.67185024152062
Tokyo,2015-03-15,93.48642600779952
Tokyo,2015-04-15,101.86412435884571
Tokyo,2015-05-15,113.61548393116685
Tokyo,2015-06-15,113.46588373404079
Tokyo,2015-07-15,118.63250105366143
Tokyo,2015-08-15,102.6998688204533
Tokyo,2015-09-15,106.67871734259973
Tokyo,2015-10-15,85.45633755725476
Tokyo,2015-11-15,86.01530756082224
Tokyo,2015-12-15,92.86966215118905
Tokyo,2016-01-15,71.09835441666091
Tokyo,2016-02-15,92.6473746706057
Tokyo,2016-03-15,92.43624268488215
Tokyo,2016-04-15,111.59696760873301
Tokyo,2016-05-15,113.27715534942166
Tokyo,2016-06-15,115.04068656861092
Tokyo,2016-07-15,112.98608623972453
Tokyo,2016-08-15,122.4866151303741
Tokyo,2016-09-15,83.50382258919059
Tokyo,2016-10-15,79.09744223352813
Tokyo,2016-11-15,81.13184510093879
Tokyo,2016-12-15,80.79036300741721
Tokyo,2017-01-15,74.36196634064186
Tokyo,2017-02-15,103.1512125795384
Tokyo,2017-03-15,90.45876093905166
Tokyo,2017-04-15,95.74437844407686
Tokyo,2017-05-15,113.78188134037883
Tokyo,2017-06-15,117.98914175735457
Tokyo,2017-07-15,123.25790427130832
Tokyo,2017-08-15,111.67878202582412
Tokyo,2017-09-15,105.99305894124359
Tokyo,2017-10-15,90.40088519968909
Tokyo,2017-11-15,75.84811003218776
Tokyo,2017-12-15,77.49079059235156
Tokyo,2018-01-15,76.50095270270505
Tokyo,2018-02-15,88.00600530980212
Tokyo,2018-03-15,90.14937263124804
Tokyo,2018-04-15,111.27588074141774
Tokyo,2018-05-15,111.08117700820058
Tokyo,2018-06-15,121.66696296946341
Tokyo,2018-07-15,115.32081004026868
Tokyo,2018-08-15,100.50208734642092
Tokyo,2018-09-15,95.94902765064987
Tokyo,2018-10-15,76.017542535714
Tokyo,2018-11-15,69.3909265118681
Tokyo,2018-12-15,83.24323188761858
Tokyo,2019-01-15,71.88449532966831
Tokyo,2019-02-15,69.62764650716002
Tokyo,2019-03-15,107.52190230238155
Tokyo,2019-04-15,96.84162265674301
Tokyo,2019-05-15,117.25102789931502
Tokyo,2019-06-15,123.70909012086973
Tokyo,2019-07-15,127.20866447062596
Tokyo,2019-08-15,120.5835750977377
Tokyo,2019-09-15,106.84490997727494
Tokyo,2019-10-15,81.73461745803449
Tokyo,2019-11-15,77.18106029090623
Tokyo,2019-12-15,68.48179272126846
Sydney,2010-01-15,67.63689970523589
Sydney,2010-02-15,80.77458541454953
Sydney,2010-03-15,74.77796263464845
Sydney,2010-04-15,102.90749550619374
Sydney,2010-05-15,88.24349662238012
Sydney,2010-06-15,123.5329128078945
Sydney,2010-07-15,103.58428459566653
Sydney,2010-08-15,81.25261375482279
Sydney,2010-09-15,80.35763042951731
Sydney,2010-10-15,69.65471538111412
Sydney,2010-11-15,75.33495034491519
Sydney,2010-12-15,70.85885505203329
Sydney,2011-01-15,70.72110357272078
Sydney,2011-02-15,82.36486558443248
Sydney,2011-03-15,88.83671132708727
Sydney,2011-04-15,97.04726655977362
Sydney,2011-05-15,93.92800470759823
Sydney,2011-06-15,103.66680784763031
Sydney,2011-07-15,114.54036875415282
Sydney,2011-08-15,105.22812304263219
Sydney,2011-09-15,88.07715672358415
Sydney,2011-10-15,82.86999104298239
Sydney,2011-11-15,68.55662032007582
Sydney,2011-12-15,69.58299689585496
Sydney,2012-01-15,71.61467203289543
Sydney,2012-02-15,83.02863309837754
Sydney,2012-03-15,88.02933507013287
Sydney,2012-04-15,92.36710547904313
Sydney,2012-05-15,110.88398959542295
Sydney,2012-06-15,122.34439969826059
Sydney,2012-07-15,108.97761217845084
Sydney,2012-08-15,77.23535672938658
Sydney,2012-09-15,70.88230185072292
Sydney,2012-10-15,82.86545551740343
Sydney,2012-11-15,67.50163986188073
Sydney,2012-12-15,67.09778402526749
Sydney,2013-01-15,74.45544708998992
Sydney,2013-02-15,84.61094803136737
Sydney,2013-03-15,104.67663971235105
Sydney,2013-04-15,92.27654927018595
Sydney,2013-05-15,108.20151536643289
Sydney,2013-06-15,97.91723120543776
Sydney,2013-07-15,116.4197588311418
Sydney,2013-08-15,96.13737309100188
Sydney,2013-09-15,91.81316679581651
Sydney,2013-10-15,71.5037665850488
Sydney,2013-11-15,68.88098163988414
Sydney,2013-12-15,65.38489629990897
Sydney,2014-01-15,61.507366994361675
Sydney,2014-02-15,71.82542665940908
Sydney,2014-03-15,101.84794902051179
Sydney,2014-04-15,99.01025171235112
Sydney,2014-05-15,101.02736424255166
Sydney,2014-06-15,120.52437820213937
Sydney,2014-07-15,123.79678947225608
Sydney,2014-08-15,104.86905905634036
Sydney,2014-09-15,95.19765108566124
Sydney,2014-10-15,77.5915530131114
Sydney,2014-11-15,83.51721265588974
Sydney,2014-12-15,60.301388522308585
Sydney,2015-01-15,72.09501498777341
Sydney,2015-02-15,90.8555175725852
Sydney,2015-03-15,96.2603199204925
Sydney,2015-04-15,112.16823380816484
Sydney,2015-05-15,97.10272193511646
Sydney,2015-06-15,103.79981696799152
Sydney,2015-07-15,107.55761350083866
Sydney,2015-08-15,94.75418007708059
Sydney,2015-09-15,103.6462974568302
Sydney,2015-10-15,90.4562230705559
Sydney,2015-11-15,77.5862272544776
Sydney,2015-12-15,61.554923709522306
Sydney,2016-01-15,64.33915094127596
Sydney,2016-02-15,82.18984424095669
Sydney,2016-03-15,82.91169619284472
Sydney,2016-04-15,90.6846368132472
Sydney,2016-05-15,104.78870231517074
Sydney,2016-06-15,112.63244793415652
Sydney,2016-07-15,88.50987345673704
Sydney,2016-08-15,104.30392703401886
Sydney,2016-09-15,102.70226469403887
Sydney,2016-10-15,73.74714968289159
Sydney,2016-11-15,67.15822250172029
Sydney,2016-12-15,65.96720890375543
Sydney,2017-01-15,63.27479004012697
Sydney,2017-02-15,82.3747961979087
Sydney,2017-03-15,91.06211391204224
Sydney,2017-04-15,108.58100407295642
Sydney,2017-05-15,84.70084165413918
Sydney,2017-06-15,95.62948797810323
Sydney,2017-07-15,106.59129130201377
Sydney,2017-08-15,109.45111356569502
Sydney,2017-09-15,84.69849885376071
Sydney,2017-10-15,72.10218214459965
Sydney,2017-11-15,58.42322079137133
Sydney,2017-12-15,64.32375370811283
Sydney,2018-01-15,72.7558404777739
Sydney,2018-02-15,86.67694121454105
Sydney,2018-03-15,95.49520527727509
Sydney,2018-04-15,110.14507743788941
Sydney,2018-05-15,108.10584681384847
Sydney,2018-06-15,109.70071547391514
Sydney,2018-07-15,105.07542165281836
Sydney,2018-08-15,101.03555528411496
Sydney,2018-09-15,84.2851186263985
Sydney,2018-10-15,90.74383938158029
Sydney,2018-11-15,62.844462565504784
Sydney,2018-12-15,76.01066701888017
Sydney,2019-01-15,76.16806430361044
Sydney,2019-02-15,69.369721652937
Sydney,2019-03-15,84.58258583916411
Sydney,2019-04-15,104.03540538515304
Sydney,2019-05-15,103.79945540909675
Sydney,2019-06-15,107.78447076397215
Sydney,2019-07-15,115.71600466402745
Sydney,2019-08-15,96.82956639265612
Sydney,2019-09-15,83.60753999345485
Sydney,2019-10-15,67.35117799368251
Sydney,2019-11-15,66.69156193002944
Sydney,2019-12-15,68.81411824638815
Mexico City,2010-01-15,56.286656845256076
Mexico City,2010-02-15,68.34873576610362
Mexico City,2010-03-15,85.57961014853421
Mexico City,2010-04-15,88.29368258941427
Mexico City,2010-05-15,111.95410705965509
Mexico City,2010-06-15,95.04532620777185
Mexico City,2010-07-15,93.16426950985556
Mexico City,2010-08-15,81.36405156447275
Mexico City,2010-09-15,77.64168302762927
Mexico City,2010-10-15,65.78048247225422
Mexico City,2010-11-15,49.56618541035593
Mexico City,2010-12-15,59.431602167533605
Mexico City,2011-01-15,78.87976008090635
Mexico City,2011-02-15,74.76791660560671
Mexico City,2011-03-15,82.53788651570213
Mexico City,2011-04-15,88.43682436716611
Mexico City,2011-05-15,93.09208197410624
Mexico City,2011-06-15,79.55075315190983
Mexico City,2011-07-15,107.64644238799194
Mexico City,2011-08-15,93.49027666365609
Mexico City,2011-09-15,83.09028416908079
Mexico City,2011-10-15,65.74544472324473
Mexico City,2011-11-15,72.79125061056709
Mexico City,2011-12-15,70.53185316861801
Mexico City,2012-01-15,61.69767977368419
Mexico City,2012-02-15,74.28745030371357
Mexico City,2012-03-15,83.9351155474296
Mexico City,2012-04-15,99.18543322512687
Mexico City,2012-05-15,92.61745155673243
Mexico City,2012-06-15,95.9346601398251
Mexico City,2012-07-15,110.45878858493589
Mexico City,2012-08-15,83.62443648456546
Mexico City,2012-09-15,82.18836280836811
Mexico City,2012-10-15,70.86487066238188
Mexico City,2012-11-15,79.86660530066463
Mexico City,2012-12-15,58.336063131176985
Mexico City,2013-01-15,64.02703392883977
Mexico City,2013-02-15,67.7258259044372
Mexico City,2013-03-15,89.67863646777714
Mexico City,2013-04-15,91.8005268547441
Mexico City,2013-05-15,94.06306807661669
Mexico City,2013-06-15,99.70043684308814
Mexico City,2013-07-15,94.96991215630563
Mexico City,2013-08-15,88.22391063265576
Mexico City,2013-09-15,86.43036010216225
Mexico City,2013-10-15,74.24137471566497
Mexico City,2013-11-15,53.43879277131073
Mexico City,2013-12-15,59.04720526743203
Mexico City,2014-01-15,65.95278947956982
Mexico City,2014-02-15,59.92922329619584
Mexico City,2014-03-15,84.48312798417867
Mexico City,2014-04-15,85.78380626824864
Mexico City,2014-05-15,95.58578666848908
Mexico City,2014-06-15,90.9973948903957
Mexico City,2014-07-15,89.07753796075872
Mexico City,2014-08-15,82.19631605703367
Mexico City,2014-09-15,67.25974619479679
Mexico City,2014-10-15,69.24916809210737
Mexico City,2014-11-15,51.393762873246395
Mexico City,2014-12-15,54.071199384202245
Mexico City,2015-01-15,66.26022673078873
Mexico City,2015-02-15,67.91256044379011
Mexico City,2015-03-15,79.18919897869316
Mexico City,2015-04-15,94.39152480504275
Mexico City,2015-05-15,100.1904928930358
Mexico City,2015-06-15,94.11197006260876
Mexico City,2015-07-15,93.98502583328106
Mexico City,2015-08-15,89.55467277313349
Mexico City,2015-09-15,89.1334264103159
Mexico City,2015-10-15,71.80441323816335
Mexico City,2015-11-15,61.67689260528084
Mexico City,2015-12-15,52.844970873323014
Mexico City,2016-01-15,62.9400490750285
Mexico City,2016-02-15,62.62922731705508
Mexico City,2016-03-15,85.56821110973131
Mexico City,2016-04-15,81.96168665258368
Mexico City,2016-05-15,94.05173348137488
Mexico City,2016-06-15,101.88443968023789
Mexico City,2016-07-15,101.89003266713556
Mexico City,2016-08-15,95.53321608467735
Mexico City,2016-09-15,74.4803243496304
Mexico City,2016-10-15,79.1154354602782
Mexico City,2016-11-15,66.42999900958559
Mexico City,2016-12-15,64.9626689053783
Mexico City,2017-01-15,59.77369660481727
Mexico City,2017-02-15,71.24190394588628
Mexico City,2017-03-15,86.11621050624919
Mexico City,2017-04-15,85.0722006222825
Mexico City,2017-05-15,108.15140109053411
Mexico City,2017-06-15,99.11248984019156
Mexico City,2017-07-15,111.04953982109099
Mexico City,2017-08-15,91.0674148704218
Mexico City,2017-09-15,69.45640853557427
Mexico City,2017-10-15,79.58121358995282
Mexico City,2017-11-15,53.87884395443113
Mexico City,2017-12-15,57.32976358744991
Mexico City,2018-01-15,66.2297568940918
Mexico City,2018-02-15,49.775326922535044
Mexico City,2018-03-15,85.62391508895281
Mexico City,2018-04-15,82.77083256492766
Mexico City,2018-05-15,98.27941400077366
Mexico City,2018-06-15,101.37473548681257
Mexico City,2018-07-15,92.31419730925774
Mexico City,2018-08-15,90.57434411465553
Mexico City,2018-09-15,74.92497895229904
Mexico City,2018-10-15,64.21561641872051
Mexico City,2018-11-15,33.793769304275315
Mexico City,2018-12-15,61.05915565688003
Mexico City,2019-01-15,67.18346083055248
Mexico City,2019-02-15,77.32214024144909
Mexico City,2019-03-15,88.24158998537531
Mexico City,2019-04-15,102.80083148522448
Mexico City,2019-05-15,85.3251577779624
Mexico City,2019-06-15,90.47773315457444
Mexico City,2019-07-15,104.14646725524354
Mexico City,2019-08-15,88.99820930791932
Mexico City,2019-09-15,74.93063757795889
Mexico City,2019-10-15,67.17152632473648
Mexico City,2019-11-15,51.57672418003944
Mexico City,2019-12-15,52.80351306295964
Buenos Aires,2010-01-15,70.38309160653681
Buenos Aires,2010-02-15,78.20914027347648
Buenos Aires,2010-03-15,96.68728826879413
Buenos Aires,2010-04-15,92.67893991679625
Buenos Aires,2010-05-15,101.0864402368148
Buenos Aires,2010-06-15,105.98431477044292
Buenos Aires,2010-07-15,90.81757724213168
Buenos Aires,2010-08-15,104.89789300634398
Buenos Aires,2010-09-15,96.19966433621374
Buenos Aires,2010-10-15,69.33841387943794
Buenos Aires,2010-11-15,61.47776647314244
Buenos Aires,2010-12-15,71.4008552527616
Buenos Aires,2011-01-15,55.12519189860075
Buenos Aires,2011-02-15,73.1238504791529
Buenos Aires,2011-03-15,74.0353432722756
Buenos Aires,2011-04-15,88.13993044215549
Buenos Aires,2011-05-15,114.5222643975049
Buenos Aires,2011-06-15,91.27757150310654
Buenos Aires,2011-07-15,95.62864954815211
Buenos Aires,2011-08-15,77.92755017976374
Buenos Aires,2011-09-15,85.51619583941044
Buenos Aires,2011-10-15,86.53502793542248
Buenos Aires,2011-11-15,70.60062808933125
Buenos Aires,2011-12-15,64.10377940424935
Buenos Aires,2012-01-15,71.40257034962441
Buenos Aires,2012-02-15,61.30051749711811
Buenos Aires,2012-03-15,80.83409097423485
Buenos Aires,2012-04-15,86.44088072341938
Buenos Aires,2012-05-15,99.37399204831698
Buenos Aires,2012-06-15,107.17598181579021
Buenos Aires,2012-07-15,91.52340696549507
Buenos Aires,2012-08-15,100.64375616877487
Buenos Aires,2012-09-15,77.80927889200774
Buenos Aires,2012-10-15,77.93808100219202
Buenos Aires,2012-11-15,68.72600599924249
Buenos Aires,2012-12-15,68.23413157475665
Buenos Aires,2013-01-15,67.25859330922968
Buenos Aires,2013-02-15,76.53984600164688
Buenos Aires,2013-03-15,86.31616902037459
Buenos Aires,2013-04-15,93.73721878372659
Buenos Aires,2013-05-15,105.56201241806146
Buenos Aires,2013-06-15,107.11263472039124
Buenos Aires,2013-07-15,87.79591704083481
Buenos Aires,2013-08-15,98.07509354247136
Buenos Aires,2013-09-15,94.75538242165386
Buenos Aires,2013-10-15,69.06719723501628
Buenos Aires,2013-11-15,64.12095123025519
Buenos Aires,2013-12-15,64.66383281456683
Buenos Aires,2014-01-15,65.92150894023445
Buenos Aires,2014-02-15,74.04495114488164
Buenos Aires,2014-03-15,78.31397492775065
Buenos Aires,2014-04-15,93.37186522595199
Buenos Aires,2014-05-15,98.79207972890774
Buenos Aires,2014-06-15,100.91547519794128
Buenos Aires,2014-07-15,102.07968686784695
Buenos Aires,2014-08-15,99.06015854028215
Buenos Aires,2014-09-15,86.80477990277284
Buenos Aires,2014-10-15,80.3417757743961
Buenos Aires,2014-11-15,58.592708318550955
Buenos Aires,2014-12-15,61.20084927298515
Buenos Aires,2015-01-15,60.62799473555026
Buenos Aires,2015-02-15,83.22726686802504
Buenos Aires,2015-03-15,74.87515446522158
Buenos Aires,2015-04-15,89.6995616248126
Buenos Aires,2015-05-15,99.27281070151356
Buenos Aires,2015-06-15,92.03071808195112
Buenos Aires,2015-07-15,99.98999942235528
Buenos Aires,2015-08-15,83.24795022874149
Buenos Aires,2015-09-15,80.97223761048299
Buenos Aires,2015-10-15,73.67306227886931
Buenos Aires,2015-11-15,48.95156401880334
Buenos Aires,2015-12-15,58.407863060624166
Buenos Aires,2016-01-15,74.71333242452236
Buenos Aires,2016-02-15,56.925362064921075
Buenos Aires,2016-03-15,72.01052136301027
Buenos Aires,2016-04-15,97.46600807728855
Buenos Aires,2016-05-15,103.70702913242863
Buenos Aires,2016-06-15,104.4204493317695
Buenos Aires,2016-07-15,120.34310874824821
Buenos Aires,2016-08-15,91.8782376558588
Buenos Aires,2016-09-15,78.81434686275927
Buenos Aires,2016-10-15,62.18820426461767
Buenos Aires,2016-11-15,58.083819376292034
Buenos Aires,2016-12-15,70.90888558531128
Buenos Aires,2017-01-15,67.93992822171613
Buenos Aires,2017-02-15,72.14233581123275
Buenos Aires,2017-03-15,83.34769755841988
Buenos Aires,2017-04-15,93.22842283443617
Buenos Aires,2017-05-15,109.23350731272964
Buenos Aires,2017-06-15,111.75609208992547
Buenos Aires,2017-07-15,108.73367357574321
Buenos Aires,2017-08-15,98.71173498037048
Buenos Aires,2017-09-15,95.1593103295341
Buenos Aires,2017-10-15,85.462210196617
Buenos Aires,2017-11-15,73.05910961847042
Buenos Aires,2017-12-15,46.653148707229036
Buenos Aires,2018-01-15,49.52086368065547
Buenos Aires,2018-02-15,69.6452598262666
Buenos Aires,2018-03-15,74.04698901892725
Buenos Aires,2018-04-15,91.16092724717593
Buenos Aires,2018-05-15,88.77811027639748
Buenos Aires,2018-06-15,98.46367381928275
Buenos Aires,2018-07-15,104.73649866079751
Buenos Aires,2018-08-15,85.93921050538971
Buenos Aires,2018-09-15,92.51937840311514
Buenos Aires,2018-10-15,53.919423788992404
Buenos Aires,2018-11-15,61.988195833091616
Buenos Aires,2018-12-15,76.75086206742527
Buenos Aires,2019-01-15,62.46681320642496
Buenos Aires,2019-02-15,79.46737014655592
Buenos Aires,2019-03-15,83.07151908702579
Buenos Aires,2019-04-15,96.16267502947996
Buenos Aires,2019-05-15,113.96787769208055
Buenos Aires,2019-06-15,107.07333167865232
Buenos Aires,2019-07-15,105.19721764729576
Buenos Aires,2019-08-15,97.64454305430336
Buenos Aires,2019-09-15,78.59887799693222
Buenos Aires,2019-10-15,76.0750107402622
Buenos Aires,2019-11-15,72.43973996615145
Buenos Aires,2019-12-15,61.436760168045325
Cape Town,2010-01-15,40.38258902972107
Cape Town,2010-02-15,50.64828863766347
Cape Town,2010-03-15,65.50332706608718
Cape Town,2010-04-15,66.54195856843579
Cape Town,2010-05-15,85.56082451724542
Cape Town,2010-06-15,71.48796723644902
Cape Town,2010-07-15,76.28358931899552
Cape Town,2010-08-15,85.78492282023869
Cape Town,2010-09-15,57.993203235967435
Cape Town,2010-10-15,43.14703372966686
Cape Town,2010-11-15,41.70618368860697
Cape Town,2010-12-15,39.92923292092827
Cape Town,2011-01-15,34.24858113307863
Cape Town,2011-02-15,65.988675567434
Cape Town,2011-03-15,66.78885396739427
Cape Town,2011-04-15,71.08406185190331
Cape Town,2011-05-15,70.99828541260557
Cape Town,2011-06-15,72.63365850173403
Cape Town,2011-07-15,77.33328602303253
Cape Town,2011-08-15,80.79801890596204
Cape Town,2011-09-15,59.80335893880812
Cape Town,2011-10-15,57.11579852344998
Cape Town,2011-11-15,50.320876003869145
Cape Town,2011-12-15,33.25134956879134
Cape Town,2012-01-15,35.52356462844314
Cape Town,2012-02-15,41.79507533776853
Cape Town,2012-03-15,51.071577308461045
Cape Town,2012-04-15,72.6379160950253
Cape Town,2012-05-15,69.6110991251127
Cape Town,2012-06-15,84.01934036873985
Cape Town,2012-07-15,70.36964970770082
Cape Town,2012-08-15,69.13061982469449
Cape Town,2012-09-15,67.69303015645303
Cape Town,2012-10-15,56.97320160674983
Cape Town,2012-11-15,46.0621843148465
Cape Town,2012-12-15,27.708014082828576
Cape Town,2013-01-15,44.19803149262939
Cape Town,2013-02-15,41.9525157549114
Cape Town,2013-03-15,54.59823872752881
Cape Town,2013-04-15,62.68759506370878
Cape Town,2013-05-15,68.01742231392552
Cape Town,2013-06-15,76.92562065917974
Cape Town,2013-07-15,80.38806243824548
Cape Town,2013-08-15,74.34184863156203
Cape Town,2013-09-15,62.106540824563936
Cape Town,2013-10-15,65.9097379949839
Cape Town,2013-11-15,49.87134540265131
Cape Town,2013-12-15,35.31042247137889
Cape Town,2014-01-15,49.01739908408946
Cape Town,2014-02-15,48.25049723451376
Cape Town,2014-03-15,60.01701035880073
Cape Town,2014-04-15,52.413600636089406
Cape Town,2014-05-15,73.39066499964848
Cape Town,2014-06-15,95.49527294491551
Cape Town,2014-07-15,78.96435340773662
Cape Town,2014-08-15,81.83362404682455
Cape Town,2014-09-15,65.6069146223125
Cape Town,2014-10-15,41.99606411905865
Cape Town,2014-11-15,45.3654852579515
Cape Town,2014-12-15,44.93446976139498
Cape Town,2015-01-15,36.97777422604583
Cape Town,2015-02-15,66.84099907228492
Cape Town,2015-03-15,50.2639944786161
Cape Town,2015-04-15,63.886868363018124
Cape Town,2015-05-15,75.17988056862644
Cape Town,2015-06-15,73.13771970820058
Cape Town,2015-07-15,66.8562805779433
Cape Town,2015-08-15,79.60608359129901
Cape Town,2015-09-15,68.09377559763556
Cape Town,2015-10-15,39.107727194022765
Cape Town,2015-11-15,42.15894368350012
Cape Town,2015-12-15,39.74810924171137
Cape Town,2016-01-15,40.0683702643383
Cape Town,2016-02-15,47.54200534035709
Cape Town,2016-03-15,65.45982688466734
Cape Town,2016-04-15,72.27469240867956
Cape Town,2016-05-15,83.7414952019923
Cape Town,2016-06-15,86.61012749302004
Cape Town,2016-07-15,79.73294520663697
Cape Town,2016-08-15,74.33872586195557
Cape Town,2016-09-15,60.665495000738254
Cape Town,2016-10-15,57.33176282218135
Cape Town,2016-11-15,31.29247842340429
Cape Town,2016-12-15,48.18795970451323
Cape Town,2017-01-15,37.11890592532606
Cape Town,2017-02-15,47.78387733551912
Cape Town,2017-03-15,65.08086834359149
Cape Town,2017-04-15,66.66494239070629
Cape Town,2017-05-15,86.19470049310718
Cape Town,2017-06-15,81.79598144626337
Cape Town,2017-07-15,70.59990963582112
Cape Town,2017-08-15,73.2393999285018
Cape Town,2017-09-15,48.08251210427376
Cape Town,2017-10-15,49.15958912239107
Cape Town,2017-11-15,33.70208906424306
Cape Town,2017-12-15,51.69060303607715
Cape Town,2018-01-15,34.6090113575509
Cape Town,2018-02-15,44.19974439239566
Cape Town,2018-03-15,65.38733175736076
Cape Town,2018-04-15,63.793917468890626
Cape Town,2018-05-15,59.493372560440775
Cape Town,2018-06-15,93.16837173198559
Cape Town,2018-07-15,78.92542405530122
Cape Town,2018-08-15,71.49375205879436
Cape Town,2018-09-15,53.47798923112371
Cape Town,2018-10-15,41.73017762576171
Cape Town,2018-11-15,49.06539204747669
Cape Town,2018-12-15,46.90903440628057
Cape Town,2019-01-15,41.9748056603542
Cape Town,2019-02-15,50.46612695952707
Cape Town,2019-03-15,64.08051712382336
Cape Town,2019-04-15,68.53727139468836
Cape Town,2019-05-15,76.61334231171195
Cape Town,2019-06-15,68.14579161425482
Cape Town,2019-07-15,72.32398924031098
Cape Town,2019-08-15,78.15503539762825
Cape Town,2019-09-15,61.67970303311238
Cape Town,2019-10-15,54.68659356490686
Cape Town,2019-11-15,45.65894796101654
Cape Town,2019-12-15,42.23582600311764
Paris,2010-01-15,63.346593896782
Paris,2010-02-15,64.0714353843048
Paris,2010-03-15,70.66954870917118
Paris,2010-04-15,96.98114510482267
Paris,2010-05-15,104.09791182972849
Paris,2010-06-15,95.56225473936536
Paris,2010-07-15,80.03606370265801
Paris,2010-08-15,81.62960278405215
Paris,2010-09-15,71.02812909082617
Paris,2010-10-15,50.96222381316285
Paris,2010-11-15,52.123164759150654
Paris,2010-12-15,47.99896925015403
Paris,2011-01-15,49.057999634766446
Paris,2011-02-15,64.85862546603083
Paris,2011-03-15,71.07831442374828
Paris,2011-04-15,75.5517428312335
Paris,2011-05-15,79.26318745252266
Paris,2011-06-15,79.97810401193667
Paris,2011-07-15,83.11927557549024
Paris,2011-08-15,71.71534323810491
Paris,2011-09-15,70.89688087065448
Paris,2011-10-15,66.26836971828664
Paris,2011-11-15,48.76950798140312
Paris,2011-12-15,45.46528886596315
Paris,2012-01-15,47.529975863752014
Paris,2012-02-15,81.66094576019952
Paris,2012-03-15,54.722699161475155
Paris,2012-04-15,93.73569274508367
Paris,2012-05-15,87.25913331671009
Paris,2012-06-15,79.31688739617047
Paris,2012-07-15,83.39382455776803
Paris,2012-08-15,73.4170613444284
Paris,2012-09-15,69.68288614939168
Paris,2012-10-15,53.64248020184284
Paris,2012-11-15,46.14570125705096
Paris,2012-12-15,56.2021663078796
Paris,2013-01-15,52.70865689786037
Paris,2013-02-15,56.4705720746558
Paris,2013-03-15,58.39163179510336
Paris,2013-04-15,81.9606514854619
Paris,2013-05-15,73.97862211071212
Paris,2013-06-15,86.09207008756279
Paris,2013-07-15,82.90818691475698
Paris,2013-08-15,80.9932946452513
Paris,2013-09-15,55.22586596881387
Paris,2013-10-15,64.72055999376292
Paris,2013-11-15,51.583813037445054
Paris,2013-12-15,53.00797576680389
Paris,2014-01-15,63.396807940095265
Paris,2014-02-15,71.15788368201562
Paris,2014-03-15,76.19363076884942
Paris,2014-04-15,76.8011171447595
Paris,2014-05-15,79.57771299676078
Paris,2014-06-15,85.79757370112142
Paris,2014-07-15,90.49332663725639
Paris,2014-08-15,83.98323410779525
Paris,2014-09-15,62.00396842445649
Paris,2014-10-15,60.21169615248326
Paris,2014-11-15,37.200141251290766
Paris,2014-12-15,53.10133474023479
Paris,2015-01-15,48.465342256034546
Paris,2015-02-15,67.72485923823994
Paris,2015-03-15,73.22836260365133
Paris,2015-04-15,76.17586965677982
Paris,2015-05-15,85.40497123989601
Paris,2015-06-15,86.17568696606047
Paris,2015-07-15,87.26981842296568
Paris,2015-08-15,93.27420628741892
Paris,2015-09-15,82.80375698940887
Paris,2015-10-15,55.768498011430786
Paris,2015-11-15,46.404698023430704
Paris,2015-12-15,44.902592450076085
Paris,2016-01-15,61.059622270929616
Paris,2016-02-15,58.6581392658269
Paris,2016-03-15,69.5033431479905
Paris,2016-04-15,74.86146650281829
Paris,2016-05-15,94.18021745313864
Paris,2016-06-15,86.17625565048576
Paris,2016-07-15,80.4064286218248
Paris,2016-08-15,91.54305498923964
Paris,2016-09-15,72.41571172853065
Paris,2016-10-15,55.530846189942245
Paris,2016-11-15,53.78587205779019
Paris,2016-12-15,44.380341975662105
Paris,2017-01-15,41.87128049787348
Paris,2017-02-15,52.55926989666558
Paris,2017-03-15,71.61075437023335
Paris,2017-04-15,73.353730531199
Paris,2017-05-15,81.53408070301408
Paris,2017-06-15,88.85072923891708
Paris,2017-07-15,96.63852007022956
Paris,2017-08-15,85.38645057850196
Paris,2017-09-15,69.82584914181523
Paris,2017-10-15,40.66851293270321
Paris,2017-11-15,46.293092789069775
Paris,2017-12-15,53.89274147367583
Paris,2018-01-15,47.16790029711771
Paris,2018-02-15,60.820112211373356
Paris,2018-03-15,63.605576108291004
Paris,2018-04-15,68.32214046377102
Paris,2018-05-15,89.91403674771975
Paris,2018-06-15,104.59399757339827
Paris,2018-07-15,84.07756970073062
Paris,2018-08-15,99.90691639287986
Paris,2018-09-15,77.98453222046932
Paris,2018-10-15,57.9777796037152
Paris,2018-11-15,46.10838205276066
Paris,2018-12-15,58.83099614665751
Paris,2019-01-15,55.26123486253964
Paris,2019-02-15,60.03320379025542
Paris,2019-03-15,57.44120164400562
Paris,2019-04-15,64.56878255722005
Paris,2019-05-15,84.00039573061335
Paris,2019-06-15,73.74589626278612
Paris,2019-07-15,82.51126770686858
Paris,2019-08-15,65.23287126039774
Paris,2019-09-15,82.32352543697532
Paris,2019-10-15,50.458685279800946
Paris,2019-11-15,48.89553910716664
Paris,2019-12-15,49.9550733928669
Berlin,2010-01-15,41.58321986916224
Berlin,2010-02-15,54.58730148931474
Berlin,2010-03-15,57.69616945979934
Berlin,2010-04-15,40.60303431131968
Berlin,2010-05-15,73.23192453107659
Berlin,2010-06-15,76.78777574066095
Berlin,2010-07-15,66.61323639239207
Berlin,2010-08-15,56.67341516322815
Berlin,2010-09-15,62.941755237757675
Berlin,2010-10-15,48.77125409021212
Berlin,2010-11-15,41.294252598973294
Berlin,2010-12-15,32.03987802028281
Berlin,2011-01-15,36.34462433406817
Berlin,2011-02-15,45.5610374830197
Berlin,2011-03-15,60.71192085457424
Berlin,2011-04-15,64.96871602920386
Berlin,2011-05-15,64.43504571481525
Berlin,2011-06-15,82.21907944894559
Berlin,2011-07-15,83.76315175377009
Berlin,2011-08-15,59.58300571689233
Berlin,2011-09-15,72.06034012542017
Berlin,2011-10-15,37.875044685326586
Berlin,2011-11-15,32.07164736878592
Berlin,2011-12-15,38.843565492970555
Berlin,2012-01-15,46.819044200203116
Berlin,2012-02-15,59.14074452155788
Berlin,2012-03-15,51.85220776477223
Berlin,2012-04-15,59.387426516168745
Berlin,2012-05-15,75.09212015658406
Berlin,2012-06-15,63.9045819026275
Berlin,2012-07-15,78.15079558130836
Berlin,2012-08-15,62.465145847556585
Berlin,2012-09-15,54.75831306007756
Berlin,2012-10-15,35.940950134769764
Berlin,2012-11-15,41.14793459407185
Berlin,2012-12-15,23.18574320372629
Berlin,2013-01-15,23.245082191352438
Berlin,2013-02-15,45.92672821423667
Berlin,2013-03-15,61.288971655735985
Berlin,2013-04-15,73.36728874284573
Berlin,2013-05-15,70.97550960223617
Berlin,2013-06-15,76.19919725869025
Berlin,2013-07-15,80.19903987782435
Berlin,2013-08-15,62.38537366735476
Berlin,2013-09-15,45.5295228039699
Berlin,2013-10-15,35.65880990512913
Berlin,2013-11-15,39.210378683450834
Berlin,2013-12-15,32.862418233254594
Berlin,2014-01-15,47.527475914529695
Berlin,2014-02-15,50.19500982181421
Berlin,2014-03-15,53.94951156799626
Berlin,2014-04-15,63.11110162283421
Berlin,2014-05-15,60.011543050767095
Berlin,2014-06-15,75.4902673146672
Berlin,2014-07-15,79.52568873583859
Berlin,2014-08-15,77.54662243506088
Berlin,2014-09-15,47.81845336637087
Berlin,2014-10-15,54.7886769875595
Berlin,2014-11-15,39.751640236837616
Berlin,2014-12-15,39.09021548741906
Berlin,2015-01-15,46.7406405192097
Berlin,2015-02-15,61.601942276345596
Berlin,2015-03-15,53.47986507482738
Berlin,2015-04-15,57.10898389266574
Berlin,2015-05-15,70.45099801227755
Berlin,2015-06-15,71.37718031728339
Berlin,2015-07-15,63.45097401835075
Berlin,2015-08-15,66.19889203040088
Berlin,2015-09-15,64.15208199250068
Berlin,2015-10-15,41.367504314564236
Berlin,2015-11-15,32.535702839800855
Berlin,2015-12-15,39.29751524761092
Berlin,2016-01-15,45.604309588859095
Berlin,2016-02-15,48.828771993218794
Berlin,2016-03-15,60.082321752450525
Berlin,2016-04-15,60.71203051162712
Berlin,2016-05-15,76.41734608087955
Berlin,2016-06-15,74.4965102278024
Berlin,2016-07-15,64.60297117241318
Berlin,2016-08-15,71.83225474155103
Berlin,2016-09-15,57.89588366741816
Berlin,2016-10-15,25.061612956128034
Berlin,2016-11-15,17.189729461762152
Berlin,2016-12-15,46.005274676054775
Berlin,2017-01-15,11.786253670374467
Berlin,2017-02-15,51.01934419685451
Berlin,2017-03-15,52.093963443779536
Berlin,2017-04-15,62.281572103667074
Berlin,2017-05-15,68.76539663376087
Berlin,2017-06-15,79.00977645538939
Berlin,2017-07-15,72.23968646184561
Berlin,2017-08-15,63.726951001622545
Berlin,2017-09-15,61.60462846935613
Berlin,2017-10-15,45.06289331700509
Berlin,2017-11-15,28.964984420834394
Berlin,2017-12-15,36.20852113485431
Berlin,2018-01-15,25.145460323918055
Berlin,2018-02-15,52.39615495158035
Berlin,2018-03-15,45.95268280791106
Berlin,2018-04-15,67.36189407881724
Berlin,2018-05-15,66.921606608994
Berlin,2018-06-15,73.26494602421027
Berlin,2018-07-15,77.54055898310521
Berlin,2018-08-15,72.98901950695127
Berlin,2018-09-15,50.10861071996422
Berlin,2018-10-15,40.68335789879113
Berlin,2018-11-15,23.244685732294343
Berlin,2018-12-15,39.41579108109654
Berlin,2019-01-15,38.13385460608894
Berlin,2019-02-15,35.01111184975176
Berlin,2019-03-15,44.429372853170506
Berlin,2019-04-15,59.081585926688795
Berlin,2019-05-15,60.17508548304457
Berlin,2019-06-15,57.49819450815929
Berlin,2019-07-15,74.42962352025236
Berlin,2019-08-15,59.79208969667377
Berlin,2019-09-15,51.57076771989392
Berlin,2019-10-15,43.044623487495414
Berlin,2019-11-15,30.7680400791189
Berlin,2019-12-15,23.21026776511507
