city,date,t_mean
Madrid,2010-01-15,15.172519468940251
Madrid,2010-02-15,21.635482532218095
Madrid,2010-03-15,23.69759044059687
Madrid,2010-04-15,24.115850314545582
Madrid,2010-05-15,22.51706178212406
Madrid,2010-06-15,19.378633960084183
Madrid,2010-07-15,13.651350417444949
Madrid,2010-08-15,9.180268965218776
Madrid,2010-09-15,6.2054920625790215
Madrid,2010-10-15,6.59960004304352
Madrid,2010-11-15,6.056142327943462
Madrid,2010-12-15,9.493660182680939
Madrid,2011-01-15,15.093908424206257
Madrid,2011-02-15,21.477259504952894
Madrid,2011-03-15,22.046158430684443
Madrid,2011-04-15,24.71234055874065
Madrid,2011-05-15,22.81398761036993
Madrid,2011-06-15,19.568317603646772
Madrid,2011-07-15,14.902533276026942
Madrid,2011-08-15,9.573937693026435
Madrid,2011-09-15,5.272462225805416
Madrid,2011-10-15,3.6628203228021885
Madrid,2011-11-15,6.198758993100818
Madrid,2011-12-15,10.670389085701617
Madrid,2012-01-15,15.865073521490022
Madrid,2012-02-15,20.031440306656876
Madrid,2012-03-15,24.14363471485874
Madrid,2012-04-15,25.424836566532278
Madrid,2012-05-15,22.821193056816703
Madrid,2012-06-15,20.462274254627253
Madrid,2012-07-15,14.019676137812167
Madrid,2012-08-15,9.708798573426376
Madrid,2012-09-15,4.345959290716259
Madrid,2012-10-15,4.312361884710994
Madrid,2012-11-15,7.748046399781399
Madrid,2012-12-15,9.748100592259693
Madrid,2013-01-15,14.642993947812874
Madrid,2013-02-15,19.936495835815364
Madrid,2013-03-15,24.099435841016952
Madrid,2013-04-15,26.10647164973301
Madrid,2013-05-15,24.511869012271497
Madrid,2013-06-15,19.947373293392353
Madrid,2013-07-15,15.172889190615619
Madrid,2013-08-15,8.508669162673685
Madrid,2013-09-15,6.0526238683099285
Madrid,2013-10-15,5.2878708870293725
Madrid,2013-11-15,6.680680604823037
Madrid,2013-12-15,8.677666190673461
Madrid,2014-01-15,15.299485762692232
Madrid,2014-02-15,19.869066462141138
Madrid,2014-03-15,23.897089442303834
Madrid,2014-04-15,26.948343676543683
Madrid,2014-05-15,24.8247042820474
Madrid,2014-06-15,18.562589230938617
Madrid,2014-07-15,15.174460259895065
Madrid,2014-08-15,11.391837091747341
Madrid,2014-09-15,7.406385093303539
Madrid,2014-10-15,5.521950173599516
Madrid,2014-11-15,8.2355302073524
Madrid,2014-12-15,9.920448617255618
Madrid,2015-01-15,16.10744256731563
Madrid,2015-02-15,20.861380339025686
Madrid,2015-03-15,22.91325935033418
Madrid,2015-04-15,25.447793420795
Madrid,2015-05-15,21.49555201789935
Madrid,2015-06-15,21.419129870104925
Madrid,2015-07-15,15.541641356867588
Madrid,2015-08-15,10.645301474604246
Madrid,2015-09-15,6.974732467212869
Madrid,2015-10-15,4.764212555331161
Madrid,2015-11-15,5.145985030138718
Madrid,2015-12-15,9.888695087124153
Madrid,2016-01-15,15.837212079400567
Madrid,2016-02-15,20.249937554871813
Madrid,2016-03-15,24.716206275263236
Madrid,2016-04-15,23.96079750717502
Madrid,2016-05-15,24.08043146003171
Madrid,2016-06-15,20.02713087313828
Madrid,2016-07-15,16.215520377655327
Madrid,2016-08-15,11.040706466228292
Madrid,2016-09-15,6.203041699384438
Madrid,2016-10-15,5.12866253970731
Madrid,2016-11-15,7.409067266273762
Madrid,2016-12-15,9.44385290178332
Madrid,2017-01-15,14.32679390751463
Madrid,2017-02-15,19.100550745908098
Madrid,2017-03-15,23.883275861808745
Madrid,2017-04-15,24.71630235065931
Madrid,2017-05-15,23.032209518838922
Madrid,2017-06-15,19.597054021131537
Madrid,2017-07-15,15.964497700398306
Madrid,2017-08-15,8.925245550370999
Madrid,2017-09-15,7.237208622943669
Madrid,2017-10-15,5.165579084973754
Madrid,2017-11-15,9.486735754166594
Madrid,2017-12-15,10.052798478582242
Madrid,2018-01-15,16.465011803133134
Madrid,2018-02-15,20.20737901919543
Madrid,2018-03-15,22.06334304747034
Madrid,2018-04-15,24.662741263456756
Madrid,2018-05-15,24.313524847503523
Madrid,2018-06-15,21.11881226053583
Madrid,2018-07-15,14.04028030978099
Madrid,2018-08-15,10.857355235920663
Madrid,2018-09-15,7.630437491235233
Madrid,2018-10-15,3.444490692084902
Madrid,2018-11-15,8.013805103967693
Madrid,2018-12-15,10.193603504434252
Madrid,2019-01-15,13.383533691966067
Madrid,2019-02-15,19.969232849982276
Madrid,2019-03-15,25.469537809770596
Madrid,2019-04-15,25.0635072426671
Madrid,2019-05-15,23.18647198785782
Madrid,2019-06-15,20.92065815245701
Madrid,2019-07-15,14.870551221620751
Madrid,2019-08-15,8.264324800882608
Madrid,2019-09-15,7.646369108637658
Madrid,2019-10-15,5.452369262114197
Madrid,2019-11-15,7.9863463288773175
Madrid,2019-12-15,9.908404869897032
New York,2010-01-15,10.880499044535828
New York,2010-02-15,15.598865027228115
New York,2010-03-15,19.192483435840217
New York,2010-04-15,22.883495424021724
New York,2010-05-15,19.807637007629474
New York,2010-06-15,18.12288212027818
New York,2010-07-15,12.09776567449268
New York,2010-08-15,6.736936266271849
New York,2010-09-15,3.809109621118026
New York,2010-10-15,1.8421752289727722
New York,2010-11-15,3.85797708379504
New York,2010-12-15,6.438229798992617
New York,2011-01-15,12.194810462506938
New York,2011-02-15,17.173153502513344
New York,2011-03-15,19.756751463439187
New York,2011-04-15,22.76144946324228
New York,2011-05-15,22.068989288461104
New York,2011-06-15,17.39132470681385
New York,2011-07-15,13.170107535734333
New York,2011-08-15,5.353303609837524
New York,2011-09-15,3.809718029946658
New York,2011-10-15,2.4004592678088303
New York,2011-11-15,3.946069612474902
New York,2011-12-15,6.8912529330578245
New York,2012-01-15,14.009845405729235
New York,2012-02-15,18.086166141912322
New York,2012-03-15,19.00894838479359
New York,2012-04-15,21.480872911990474
New York,2012-05-15,22.201070811641543
New York,2012-06-15,16.224120266951797
New York,2012-07-15,12.827208291821606
New York,2012-08-15,7.546165730627509
New York,2012-09-15,3.5227010669214143
New York,2012-10-15,3.0502022081972617
New York,2012-11-15,3.5770411652628606
New York,2012-12-15,7.31936745995207
New York,2013-01-15,10.994751648486384
New York,2013-02-15,18.384234001653113
New York,2013-03-15,20.643097605234644
New York,2013-04-15,21.510698886603496
New York,2013-05-15,22.22760660880832
New York,2013-06-15,18.61367805001471
New York,2013-07-15,14.876305602591616
New York,2013-08-15,8.488245022095786
New York,2013-09-15,3.6325506248332182
New York,2013-10-15,2.1989940524937746
New York,2013-11-15,3.4982390070629568
New York,2013-12-15,6.246150411496243
New York,2014-01-15,12.098727858642553
New York,2014-02-15,17.54895025358111
New York,2014-03-15,21.53687557797358
New York,2014-04-15,22.140717987632627
New York,2014-05-15,20.86948347161469
New York,2014-06-15,18.332259816817587
New York,2014-07-15,12.032410125550333
New York,2014-08-15,6.263027074951687
New York,2014-09-15,3.8816421431869457
New York,2014-10-15,1.607070122003485
New York,2014-11-15,2.1464277380932915
New York,2014-12-15,6.804276243543837
New York,2015-01-15,10.540525185567855
New York,2015-02-15,16.595706573392185
New York,2015-03-15,20.612721863799358
New York,2015-04-15,21.592591465154484
New York,2015-05-15,20.72017111960146
New York,2015-06-15,15.908423666640713
New York,2015-07-15,11.814721514519718
New York,2015-08-15,7.098029225548889
New York,2015-09-15,3.8588983588121644
New York,2015-10-15,2.8451652437631774
New York,2015-11-15,2.844929555239211
New York,2015-12-15,6.10303988484441
New York,2016-01-15,11.145106732482065
New York,2016-02-15,17.18731351358601
New York,2016-03-15,21.16844332665995
New York,2016-04-15,22.5528982490329
New York,2016-05-15,21.781741138205632
New York,2016-06-15,16.257650451677417
New York,2016-07-15,13.41876819864818
New York,2016-08-15,5.669059409208917
New York,2016-09-15,3.60248806022458
New York,2016-10-15,3.029767767199549
New York,2016-11-15,4.6757815832202185
New York,2016-12-15,6.695539891974509
New York,2017-01-15,10.3331009773748
New York,2017-02-15,16.35377546924567
New York,2017-03-15,20.1235983496355
New York,2017-04-15,22.54814082774998
New York,2017-05-15,19.721389066187296
New York,2017-06-15,16.83171977632999
New York,2017-07-15,12.072343916598886
New York,2017-08-15,7.132882552856139
New York,2017-09-15,3.2981385968219157
New York,2017-10-15,2.592323981828915
New York,2017-11-15,2.4349953356570264
New York,2017-12-15,8.271182502909355
New York,2018-01-15,13.462397929127125
New York,2018-02-15,17.833843014628734
New York,2018-03-15,19.232666507245554
New York,2018-04-15,21.760614439090926
New York,2018-05-15,21.459028103967768
New York,2018-06-15,16.233352807935383
New York,2018-07-15,12.849606993206475
New York,2018-08-15,8.641346154940159
New York,2018-09-15,2.7508430110593203
New York,2018-10-15,2.9352465765736158
New York,2018-11-15,3.284820378786253
New York,2018-12-15,6.038050749212814
New York,2019-01-15,11.155457706525606
New York,2019-02-15,16.590636433688594
New York,2019-03-15,21.173818950106917
New York,2019-04-15,19.972713292681973
New York,2019-05-15,20.82373213386344
New York,2019-06-15,18.503889824182693
New York,2019-07-15,12.446607675246023
New York,2019-08-15,9.475261983541122
New York,2019-09-15,2.4821105046698326
New York,2019-10-15,2.578169821243577
New York,2019-11-15,5.526190076791345
New York,2019-12-15,7.938035358548575
London,2010-01-15,11.571667835341158
London,2010-02-15,15.458146665241424
London,2010-03-15,19.327558063467915
London,2010-04-15,20.619207211916482
London,2010-05-15,20.45225601991385
London,2010-06-15,16.908005405271965
London,2010-07-15,10.389870996001296
London,2010-08-15,5.981728883186554
London,2010-09-15,3.0975257252379973
London,2010-10-15,1.2769386887623702
London,2010-11-15,3.276657338344734
London,2010-12-15,4.9034997535073614
London,2011-01-15,10.315144763033972
London,2011-02-15,15.191846994650685
London,2011-03-15,18.91483853501496
London,2011-04-15,18.68471571989837
London,2011-05-15,20.441211658853952
London,2011-06-15,14.33373507920352
London,2011-07-15,11.604730426467468
London,2011-08-15,6.682091822187008
London,2011-09-15,1.982533167820443
London,2011-10-15,-0.3575977450570087
London,2011-11-15,1.7760832918803175
London,2011-12-15,4.575811996068646
London,2012-01-15,11.603978992327132
London,2012-02-15,15.802370178103631
London,2012-03-15,20.22572178034551
London,2012-04-15,21.146584735652954
London,2012-05-15,19.58187282685456
London,2012-06-15,16.226122036874127
London,2012-07-15,12.543015656704236
London,2012-08-15,4.610912212767528
London,2012-09-15,4.508596363413198
London,2012-10-15,1.3583728601734248
London,2012-11-15,2.926916959077493
London,2012-12-15,7.244397628174935
London,2013-01-15,10.784862493207756
London,2013-02-15,15.908112406539471
London,2013-03-15,21.15922121941735
London,2013-04-15,21.297709944173267
London,2013-05-15,18.593262658291906
London,2013-06-15,16.586181223898233
London,2013-07-15,11.309524974445557
London,2013-08-15,6.941877893815541
London,2013-09-15,4.712097640587977
London,2013-10-15,0.9102725044944311
London,2013-11-15,2.6865928110109705
London,2013-12-15,4.455662139397168
London,2014-01-15,10.392125231715893
London,2014-02-15,17.01887153172404
London,2014-03-15,20.44812902717975
London,2014-04-15,22.412288966900658
London,2014-05-15,20.029153530164507
London,2014-06-15,15.614432132884739
London,2014-07-15,11.949677727255711
London,2014-08-15,6.48247163154902
London,2014-09-15,2.5302548494959503
London,2014-10-15,0.4502002110915463
London,2014-11-15,2.4573828114661773
London,2014-12-15,5.116519331341844
London,2015-01-15,8.838917020546859
London,2015-02-15,16.345992489226074
London,2015-03-15,19.059267484038028
London,2015-04-15,20.151147630522157
London,2015-05-15,18.413569611192653
London,2015-06-15,16.93638723742761
London,2015-07-15,11.20546935354374
London,2015-08-15,7.841967376091775
London,2015-09-15,2.4751070993558635
London,2015-10-15,-1.4443108108127487
London,2015-11-15,3.1626031375340933
London,2015-12-15,6.628537913238507
London,2016-01-15,9.924741451415164
London,2016-02-15,15.01600130024242
London,2016-03-15,19.819634946443248
London,2016-04-15,21.02121894134567
London,2016-05-15,19.62133867017696
London,2016-06-15,16.52196447735925
London,2016-07-15,13.38049079336731
London,2016-08-15,4.538107534240793
London,2016-09-15,2.5049046446355856
London,2016-10-15,-0.18219084934238583
London,2016-11-15,1.286996305626648
London,2016-12-15,6.454262092190503
London,2017-01-15,12.524989405419165
London,2017-02-15,16.149096170069413
London,2017-03-15,19.691812990839754
London,2017-04-15,20.836622861205555
London,2017-05-15,19.622739491541967
London,2017-06-15,16.704366949045873
London,2017-07-15,12.753683029540227
London,2017-08-15,6.680945069556469
London,2017-09-15,2.8527288868844454
London,2017-10-15,1.6172161897320514
London,2017-11-15,3.100639849173592
London,2017-12-15,6.897181876273963
London,2018-01-15,10.516369829818657
London,2018-02-15,16.0138579492311
London,2018-03-15,19.572137493806572
London,2018-04-15,22.44948973976821
London,2018-05-15,18.69277225561751
London,2018-06-15,15.739758882148728
London,2018-07-15,10.811688460234143
London,2018-08-15,5.441774835863604
London,2018-09-15,2.0301967498965015
London,2018-10-15,1.544588775029669
London,2018-11-15,2.6436409983642997
London,2018-12-15,6.66681461990846
London,2019-01-15,12.278490002773548
London,2019-02-15,14.853032301695514
London,2019-03-15,18.775501073615967
London,2019-04-15,22.00386000665242
London,2019-05-15,18.757818986763986
London,2019-06-15,16.281366666836053
London,2019-07-15,11.863521283441589
London,2019-08-15,7.753391555655631
London,2019-09-15,3.4539131776634346
London,2019-10-15,1.3243552615319405
London,2019-11-15,1.9730803533967407
London,2019-12-15,5.231737073151176
Tokyo,2010-01-15,15.166041366609104
Tokyo,2010-02-15,18.81397586345469
Tokyo,2010-03-15,22.198514368438726
Tokyo,2010-04-15,23.69540206483064
Tokyo,2010-05-15,21.761637083229804
Tokyo,2010-06-15,18.992765887386522
Tokyo,2010-07-15,16.859478299861937
Tokyo,2010-08-15,8.870537453905241
Tokyo,2010-09-15,4.641614116701323
Tokyo,2010-10-15,3.603343555172612
Tokyo,2010-11-15,4.640800017762371
Tokyo,2010-12-15,6.676997270924787
Tokyo,2011-01-15,14.04815052636866
Tokyo,2011-02-15,18.41413657127146
Tokyo,2011-03-15,22.332746908222134
Tokyo,2011-04-15,25.028728677497895
Tokyo,2011-05-15,22.269772122939305
Tokyo,2011-06-15,19.517286820869327
Tokyo,2011-07-15,14.558080379701376
Tokyo,2011-08-15,8.669310002015827
Tokyo,2011-09-15,4.755149728654752
Tokyo,2011-10-15,2.3039322778561573
Tokyo,2011-11-15,7.893862248023368
Tokyo,2011-12-15,8.809206029846294
Tokyo,2012-01-15,15.703184606634183
Tokyo,2012-02-15,18.963981128179757
Tokyo,2012-03-15,22.33657223264539
Tokyo,2012-04-15,23.027322429713305
Tokyo,2012-05-15,24.83628170658249
Tokyo,2012-06-15,19.536963703389546
Tokyo,2012-07-15,13.121531634114168
Tokyo,2012-08-15,8.35118525396129
Tokyo,2012-09-15,3.623107061337766
Tokyo,2012-10-15,5.471720419871662
Tokyo,2012-11-15,4.093345921040474
Tokyo,2012-12-15,9.558919612359926
Tokyo,2013-01-15,16.26504135326761
Tokyo,2013-02-15,19.911680573758325
Tokyo,2013-03-15,22.358901485001343
Tokyo,2013-04-15,23.76212603068073
Tokyo,2013-05-15,22.596995460606376
Tokyo,2013-06-15,17.592892017075417
Tokyo,2013-07-15,14.615441869217578
Tokyo,2013-08-15,9.550082658382268
Tokyo,2013-09-15,6.358404521352981
Tokyo,2013-10-15,5.657218607341325
Tokyo,2013-11-15,5.839271516283424
Tokyo,2013-12-15,7.97329509355391
Tokyo,2014-01-15,15.883553815287343
Tokyo,2014-02-15,18.272527150530827
Tokyo,2014-03-15,21.76229573776277
Tokyo,2014-04-15,21.976869529384423
Tokyo,2014-05-15,21.931294923737987
Tokyo,2014-06-15,18.092939474358076
Tokyo,2014-07-15,13.244545854843624
Tokyo,2014-08-15,8.840960096996268
Tokyo,2014-09-15,5.649830936750607
Tokyo,2014-10-15,3.086949062662438
Tokyo,2014-11-15,4.3933547354426645
Tokyo,2014-12-15,7.995768858067107
Tokyo,2015-01-15,15.563978947856842
Tokyo,2015-02-15,19.760087671084428
Tokyo,2015-03-15,22.5582567141534
Tokyo,2015-04-15,24.207812112984392
Tokyo,2015-05-15,22.93209671747211
Tokyo,2015-06-15,18.784435456478615
Tokyo,2015-07-15,13.51039572789135
Tokyo,2015-08-15,8.91044207521286
Tokyo,2015-09-15,5.87131838756702
Tokyo,2015-10-15,3.4618143249386577
Tokyo,2015-11-15,5.266422035388818
Tokyo,2015-12-15,9.884886205830202
Tokyo,2016-01-15,14.760134341763024
Tokyo,2016-02-15,18.802221376396783
Tokyo,2016-03-15,23.716225853477894
Tokyo,2016-04-15,23.238709057213292
Tokyo,2016-05-15,22.716042978325376
Tokyo,2016-06-15,18.72214613719033
Tokyo,2016-07-15,13.031232611809603
Tokyo,2016-08-15,10.346331092932044
Tokyo,2016-09-15,4.502845976185247
Tokyo,2016-10-15,3.0943590694886196
Tokyo,2016-11-15,5.732622173217688
Tokyo,2016-12-15,9.613324698905666
Tokyo,2017-01-15,15.100314691172276
Tokyo,2017-02-15,18.916954938627843
Tokyo,2017-03-15,23.73338011727084
Tokyo,2017-04-15,25.7611471888837
Tokyo,2017-05-15,21.665295138495495
Tokyo,2017-06-15,20.18208090900791
Tokyo,2017-07-15,15.475862519966139
Tokyo,2017-08-15,9.520781096101318
Tokyo,2017-09-15,4.934674761033522
Tokyo,2017-10-15,3.660308167001254
Tokyo,2017-11-15,6.222377032026007
Tokyo,2017-12-15,8.659717475772508
Tokyo,2018-01-15,13.810330759795066
Tokyo,2018-02-15,18.678498717770836
Tokyo,2018-03-15,23.527378599254728
Tokyo,2018-04-15,24.6485716119408
Tokyo,2018-05-15,23.622595847550667
Tokyo,2018-06-15,19.95899712970652
Tokyo,2018-07-15,13.658608955847223
Tokyo,2018-08-15,8.481355601196576
Tokyo,2018-09-15,4.960680456133014
Tokyo,2018-10-15,4.498171824793653
Tokyo,2018-11-15,5.11601176279059
Tokyo,2018-12-15,8.528186235810995
Tokyo,2019-01-15,15.54519530401145
Tokyo,2019-02-15,19.29830684522469
Tokyo,2019-03-15,23.843491481101694
Tokyo,2019-04-15,24.088076873326823
Tokyo,2019-05-15,24.463604862042434
Tokyo,2019-06-15,18.05889171121845
Tokyo,2019-07-15,15.021510172698525
Tokyo,2019-08-15,7.612039531391783
Tokyo,2019-09-15,4.332938220793558
Tokyo,2019-10-15,5.387075004051361
Tokyo,2019-11-15,6.339219593134426
Tokyo,2019-12-15,8.617798619452818
Sydney,2010-01-15,15.120653045584449
Sydney,2010-02-15,11.311297441108485
Sydney,2010-03-15,10.61855237212712
Sydney,2010-04-15,11.804801053409207
Sydney,2010-05-15,16.4380142282276
Sydney,2010-06-15,22.430466237594203
Sydney,2010-07-15,26.077334748088013
Sydney,2010-08-15,29.927967685319132
Sydney,2010-09-15,27.35035344058316
Sydney,2010-10-15,28.62272414257443
Sydney,2010-11-15,24.43513427505076
Sydney,2010-12-15,18.87813689827843
Sydney,2011-01-15,14.533387348918668
Sydney,2011-02-15,10.191803972430616
Sydney,2011-03-15,10.53225294727484
Sydney,2011-04-15,11.923339514599055
Sydney,2011-05-15,13.361918553250739
Sydney,2011-06-15,21.300421167190713
Sydney,2011-07-15,24.563177689253457
Sydney,2011-08-15,29.114943999939705
Sydney,2011-09-15,29.45836357469832
Sydney,2011-10-15,26.161481311065998
Sydney,2011-11-15,24.567617812503123
Sydney,2011-12-15,18.691137974254286
Sydney,2012-01-15,15.832980303055889
Sydney,2012-02-15,11.915880727916145
Sydney,2012-03-15,10.407030209548903
Sydney,2012-04-15,12.356408674844367
Sydney,2012-05-15,13.516265197937692
Sydney,2012-06-15,20.31421859183304
Sydney,2012-07-15,27.02603961639504
Sydney,2012-08-15,28.88001073163365
Sydney,2012-09-15,30.181786220040248
Sydney,2012-10-15,29.076337013853436
Sydney,2012-11-15,26.702784363432208
Sydney,2012-12-15,20.114638068214077
Sydney,2013-01-15,17.609639142416487
Sydney,2013-02-15,13.268336969077522
Sydney,2013-03-15,10.270698988761282
Sydney,2013-04-15,11.670907430734145
Sydney,2013-05-15,16.929209356235237
Sydney,2013-06-15,21.529808435408228
Sydney,2013-07-15,24.60636044935774
Sydney,2013-08-15,29.61206200309238
Sydney,2013-09-15,29.717307030812947
Sydney,2013-10-15,28.085060127328145
Sydney,2013-11-15,26.72110170073162
Sydney,2013-12-15,19.692443394847697
Sydney,2014-01-15,15.204425649445676
Sydney,2014-02-15,11.655234993151849
Sydney,2014-03-15,10.24718909814014
Sydney,2014-04-15,11.960970638737686
Sydney,2014-05-15,14.991186939651394
Sydney,2014-06-15,18.84032761989328
Sydney,2014-07-15,24.996846210562204
Sydney,2014-08-15,29.399308620738125
Sydney,2014-09-15,28.539667033900574
Sydney,2014-10-15,27.144622946008926
Sydney,2014-11-15,24.383908987562926
Sydney,2014-12-15,18.88013875487634
Sydney,2015-01-15,14.13498161237966
Sydney,2015-02-15,12.401123985412429
Sydney,2015-03-15,11.5785540125939
Sydney,2015-04-15,11.847366735888944
Sydney,2015-05-15,15.152553394011441
Sydney,2015-06-15,20.67441152665745
Sydney,2015-07-15,25.70322948979995
Sydney,2015-08-15,28.162669086742806
Sydney,2015-09-15,31.96176156948317
Sydney,2015-10-15,27.148179416966975
Sydney,2015-11-15,23.684835214838078
Sydney,2015-12-15,19.838234017805075
Sydney,2016-01-15,14.267095497105629
Sydney,2016-02-15,11.389794724565702
Sydney,2016-03-15,10.116856729654938
Sydney,2016-04-15,11.64807876327016
Sydney,2016-05-15,15.398137960680847
Sydney,2016-06-15,21.014683745700616
Sydney,2016-07-15,23.632432111789125
Sydney,2016-08-15,27.568358533188505
Sydney,2016-09-15,31.409251772036676
Sydney,2016-10-15,27.33173846638444
Sydney,2016-11-15,24.668001537011268
Sydney,2016-12-15,19.973903427334367
Sydney,2017-01-15,14.749375308965465
Sydney,2017-02-15,11.414684196192452
Sydney,2017-03-15,10.724228271774294
Sydney,2017-04-15,10.072739707762102
Sydney,2017-05-15,14.671667572675247
Sydney,2017-06-15,19.69368501123643
Sydney,2017-07-15,26.57649926098633
Sydney,2017-08-15,29.996681579278068
Sydney,2017-09-15,31.433096732132658
Sydney,2017-10-15,29.25899038882353
Sydney,2017-11-15,26.47254892402668
Sydney,2017-12-15,20.25462467422384
Sydney,2018-01-15,16.427183145424834
Sydney,2018-02-15,11.155607359842536
Sydney,2018-03-15,8.014318376569411
Sydney,2018-04-15,12.358669442323611
Sydney,2018-05-15,16.230485833106293
Sydney,2018-06-15,18.555144071233105
Sydney,2018-07-15,24.071259867868847
Sydney,2018-08-15,30.29877548371849
Sydney,2018-09-15,31.466250545727735
Sydney,2018-10-15,27.86163039564936
Sydney,2018-11-15,26.314526147538693
Sydney,2018-12-15,19.28440376506504
Sydney,2019-01-15,16.508323518876157
Sydney,2019-02-15,11.14172021602907
Sydney,2019-03-15,12.635036629801553
Sydney,2019-04-15,12.456050946331398
Sydney,2019-05-15,14.336908633105587
Sydney,2019-06-15,19.05003673799906
Sydney,2019-07-15,25.20562204390204
Sydney,2019-08-15,29.649823788890643
Sydney,2019-09-15,29.35940999248308
Sydney,2019-10-15,29.527955740475193
Sydney,2019-11-15,25.21553999785026
Sydney,2019-12-15,18.004653901860863
Mexico City,2010-01-15,17.29358887207847
Mexico City,2010-02-15,23.337257634983636
Mexico City,2010-03-15,26.105190871988547
Mexico City,2010-04-15,28.618996412534322
Mexico City,2010-05-15,28.2806327585815
Mexico City,2010-06-15,24.455627229424554
Mexico City,2010-07-15,17.15596428308892
Mexico City,2010-08-15,12.29688287039657
Mexico City,2010-09-15,8.348678701705603
Mexico City,2010-10-15,7.857390881357836
Mexico City,2010-11-15,9.363982221921235
Mexico City,2010-12-15,14.332627862611488
Mexico City,2011-01-15,18.846016421865144
Mexico City,2011-02-15,22.179130475055977
Mexico City,2011-03-15,26.639492114557775
Mexico City,2011-04-15,29.39032123682912
Mexico City,2011-05-15,25.652665102790685
Mexico City,2011-06-15,22.78410838140888
Mexico City,2011-07-15,17.832205887888712
Mexico City,2011-08-15,13.76148612306346
Mexico City,2011-09-15,11.216432103866874
Mexico City,2011-10-15,7.630626514324978
Mexico City,2011-11-15,9.053282492765293
Mexico City,2011-12-15,12.329145011472129
Mexico City,2012-01-15,18.38131645920688
Mexico City,2012-02-15,23.241497511479988
Mexico City,2012-03-15,25.870306115786565
Mexico City,2012-04-15,28.305908727017787
Mexico City,2012-05-15,26.657498480756175
Mexico City,2012-06-15,23.46149293873859
Mexico City,2012-07-15,20.705290055214945
Mexico City,2012-08-15,13.587352586672301
Mexico City,2012-09-15,6.1388978910063425
Mexico City,2012-10-15,6.649834793473564
Mexico City,2012-11-15,10.96641133629337
Mexico City,2012-12-15,12.93768186683963
Mexico City,2013-01-15,16.549809283309802
Mexico City,2013-02-15,22.47496583336371
Mexico City,2013-03-15,27.205412504467944
Mexico City,2013-04-15,28.661801260740404
Mexico City,2013-05-15,26.498053076906064
Mexico City,2013-06-15,23.688322521467644
Mexico City,2013-07-15,17.715763442536424
Mexico City,2013-08-15,12.714070791444822
Mexico City,2013-09-15,9.866775673615486
Mexico City,2013-10-15,8.562475170608481
Mexico City,2013-11-15,9.444056790119362
Mexico City,2013-12-15,13.381315504748006
Mexico City,2014-01-15,16.646290375909732
Mexico City,2014-02-15,23.7360344581032
Mexico City,2014-03-15,28.759076200315448
Mexico City,2014-04-15,28.12385551908804
Mexico City,2014-05-15,28.425370005133768
Mexico City,2014-06-15,22.044993801712387
Mexico City,2014-07-15,19.187268093760533
Mexico City,2014-08-15,12.770319582495324
Mexico City,2014-09-15,10.39315048742181
Mexico City,2014-10-15,7.368063379849311
Mexico City,2014-11-15,9.334723997113853
Mexico City,2014-12-15,14.101060605111794
Mexico City,2015-01-15,19.245274158866227
Mexico City,2015-02-15,23.97985239525804
Mexico City,2015-03-15,26.559796430849364
Mexico City,2015-04-15,27.631234524462045
Mexico City,2015-05-15,27.00628524492561
Mexico City,2015-06-15,24.467783515890527
Mexico City,2015-07-15,18.544538365456447
Mexico City,2015-08-15,12.705013906266494
Mexico City,2015-09-15,9.716074324327227
Mexico City,2015-10-15,7.763088955941003
Mexico City,2015-11-15,9.1122245100805
Mexico City,2015-12-15,11.737339007717253
Mexico City,2016-01-15,17.87403363049184
Mexico City,2016-02-15,24.187898465304063
Mexico City,2016-03-15,27.74513825289176
Mexico City,2016-04-15,26.972869320016905
Mexico City,2016-05-15,27.106487460036035
Mexico City,2016-06-15,25.14290193026843
Mexico City,2016-07-15,19.739105459959816
Mexico City,2016-08-15,12.742076538757823
Mexico City,2016-09-15,9.672202578406939
Mexico City,2016-10-15,8.324227678093598
Mexico City,2016-11-15,10.62490887476792
Mexico City,2016-12-15,13.086937898185544
Mexico City,2017-01-15,17.558889495262104
Mexico City,2017-02-15,23.48143178683339
Mexico City,2017-03-15,27.251236643539713
Mexico City,2017-04-15,28.90299778011295
Mexico City,2017-05-15,24.950121065605423
Mexico City,2017-06-15,22.484546809541897
Mexico City,2017-07-15,17.04805120092547
Mexico City,2017-08-15,13.699672074323269
Mexico City,2017-09-15,8.445105930230191
Mexico City,2017-10-15,9.617036255388744
Mexico City,2017-11-15,9.438269269632146
Mexico City,2017-12-15,13.107909816643046
Mexico City,2018-01-15,18.255466121274676
Mexico City,2018-02-15,23.770107166296008
Mexico City,2018-03-15,27.25755841552852
Mexico City,2018-04-15,29.248775355981632
Mexico City,2018-05-15,26.728878166788306
Mexico City,2018-06-15,24.064047964892293
Mexico City,2018-07-15,17.15987816688613
Mexico City,2018-08-15,14.204872748302796
Mexico City,2018-09-15,10.377244539246911
Mexico City,2018-10-15,5.620669135046487
Mexico City,2018-11-15,8.622720439638403
Mexico City,2018-12-15,12.345546392269553
Mexico City,2019-01-15,17.78404816058869
Mexico City,2019-02-15,23.334844759557367
Mexico City,2019-03-15,26.311085044364432
Mexico City,2019-04-15,29.17301550515724
Mexico City,2019-05-15,26.142659765468757
Mexico City,2019-06-15,22.93062497382004
Mexico City,2019-07-15,18.34068929642918
Mexico City,2019-08-15,12.076084789668245
Mexico City,2019-09-15,9.68582949667251
Mexico City,2019-10-15,8.139262456355786
Mexico City,2019-11-15,9.423005171552747
Mexico City,2019-12-15,11.961006519750129
Buenos Aires,2010-01-15,10.099888709326212
Buenos Aires,2010-02-15,8.144132560026502
Buenos Aires,2010-03-15,9.12782882048871
Buenos Aires,2010-04-15,8.319905092270556
Buenos Aires,2010-05-15,13.312527556603305
Buenos Aires,2010-06-15,17.44945461834081
Buenos Aires,2010-07-15,21.498734607460335
Buenos Aires,2010-08-15,25.398948835831995
Buenos Aires,2010-09-15,25.09414299587649
Buenos Aires,2010-10-15,26.505931309919
Buenos Aires,2010-11-15,23.510469023707692
Buenos Aires,2010-12-15,18.646565455005685
Buenos Aires,2011-01-15,12.51899535461103
Buenos Aires,2011-02-15,8.532268362911953
Buenos Aires,2011-03-15,8.339604019547298
Buenos Aires,2011-04-15,9.27425441507019
Buenos Aires,2011-05-15,13.367529972632404
Buenos Aires,2011-06-15,17.07758384907603
Buenos Aires,2011-07-15,22.96781354688533
Buenos Aires,2011-08-15,25.473413882476322
Buenos Aires,2011-09-15,28.32430457101819
Buenos Aires,2011-10-15,24.317147267955967
Buenos Aires,2011-11-15,22.931603209255062
Buenos Aires,2011-12-15,16.040000285988405
Buenos Aires,2012-01-15,12.804368578350052
Buenos Aires,2012-02-15,8.64855689278906
Buenos Aires,2012-03-15,6.4825842941083796
Buenos Aires,2012-04-15,8.555187520963411
Buenos Aires,2012-05-15,12.065022087964088
Buenos Aires,2012-06-15,16.425730093489705
Buenos Aires,2012-07-15,20.8300682009506
Buenos Aires,2012-08-15,24.513584847101516
Buenos Aires,2012-09-15,27.19534292809977
Buenos Aires,2012-10-15,25.264575031231413
Buenos Aires,2012-11-15,22.312496195341303
Buenos Aires,2012-12-15,16.492892680850318
Buenos Aires,2013-01-15,13.047743754209641
Buenos Aires,2013-02-15,8.959630930469931
Buenos Aires,2013-03-15,7.423964621294781
Buenos Aires,2013-04-15,7.282726414883191
Buenos Aires,2013-05-15,11.000162134818137
Buenos Aires,2013-06-15,17.507183968946745
Buenos Aires,2013-07-15,21.52234658490935
Buenos Aires,2013-08-15,27.192904852171743
Buenos Aires,2013-09-15,25.272127696997625
Buenos Aires,2013-10-15,25.296240024561232
Buenos Aires,2013-11-15,23.600222974637017
Buenos Aires,2013-12-15,16.96184172954722
Buenos Aires,2014-01-15,12.975223254730928
Buenos Aires,2014-02-15,6.918333759199125
Buenos Aires,2014-03-15,8.564586960224172
Buenos Aires,2014-04-15,9.478434173359933
Buenos Aires,2014-05-15,12.221751947228041
Buenos Aires,2014-06-15,17.683749118674218
Buenos Aires,2014-07-15,21.695875271506207
Buenos Aires,2014-08-15,26.47600937131725
Buenos Aires,2014-09-15,27.949063126203455
Buenos Aires,2014-10-15,26.451551956370412
Buenos Aires,2014-11-15,22.128458993940345
Buenos Aires,2014-12-15,16.94688108198165
Buenos Aires,2015-01-15,10.947297988392902
Buenos Aires,2015-02-15,8.228455114953281
Buenos Aires,2015-03-15,5.939051236682955
Buenos Aires,2015-04-15,8.217698230358277
Buenos Aires,2015-05-15,11.83312947859958
Buenos Aires,2015-06-15,17.441103712739952
Buenos Aires,2015-07-15,22.22195921496867
Buenos Aires,2015-08-15,24.986127585564493
Buenos Aires,2015-09-15,26.590567187920406
Buenos Aires,2015-10-15,26.743837805141204
Buenos Aires,2015-11-15,21.768517187223978
Buenos Aires,2015-12-15,16.37060526460947
Buenos Aires,2016-01-15,10.477414592851119
Buenos Aires,2016-02-15,10.321181522220417
Buenos Aires,2016-03-15,9.121918389668782
Buenos Aires,2016-04-15,6.566438906068038
Buenos Aires,2016-05-15,10.807571414007421
Buenos Aires,2016-06-15,17.108366009845327
Buenos Aires,2016-07-15,23.30660843298564
Buenos Aires,2016-08-15,25.432256929641532
Buenos Aires,2016-09-15,28.381789640949606
Buenos Aires,2016-10-15,26.324474104812438
Buenos Aires,2016-11-15,21.435393792000625
Buenos Aires,2016-12-15,16.83764633625691
Buenos Aires,2017-01-15,12.287255898160456
Buenos Aires,2017-02-15,7.723862772929312
Buenos Aires,2017-03-15,4.367633786120223
Buenos Aires,2017-04-15,6.281325467262208
Buenos Aires,2017-05-15,12.895959537846547
Buenos Aires,2017-06-15,17.671114467320837
Buenos Aires,2017-07-15,23.17386952959332
Buenos Aires,2017-08-15,25.468703494566796
Buenos Aires,2017-09-15,26.81717447979162
Buenos Aires,2017-10-15,28.24980632528283
Buenos Aires,2017-11-15,22.32674519320787
Buenos Aires,2017-12-15,16.815594834744317
Buenos Aires,2018-01-15,13.646615878472211
Buenos Aires,2018-02-15,9.883990410780735
Buenos Aires,2018-03-15,7.00836557198591
Buenos Aires,2018-04-15,8.743589675732643
Buenos Aires,2018-05-15,12.493723574819242
Buenos Aires,2018-06-15,18.689197897845112
Buenos Aires,2018-07-15,22.26078844853245
Buenos Aires,2018-08-15,26.999088129626514
Buenos Aires,2018-09-15,27.627127021547416
Buenos Aires,2018-10-15,26.074040346404907
Buenos Aires,2018-11-15,22.597551328976845
Buenos Aires,2018-12-15,16.765665520510012
Buenos Aires,2019-01-15,14.213618164822618
Buenos Aires,2019-02-15,6.761818953489582
Buenos Aires,2019-03-15,6.613616656891526
Buenos Aires,2019-04-15,10.023077207522869
Buenos Aires,2019-05-15,14.219220326785333
Buenos Aires,2019-06-15,18.143224426754756
Buenos Aires,2019-07-15,22.515529080054566
Buenos Aires,2019-08-15,26.171947729361104
Buenos Aires,2019-09-15,28.1600831672387
Buenos Aires,2019-10-15,27.072011750037046
Buenos Aires,2019-11-15,24.596629338011056
Buenos Aires,2019-12-15,17.825978465359544
Cape Town,2010-01-15,12.298516143681645
Cape Town,2010-02-15,6.499427222390191
Cape Town,2010-03-15,7.594033146762792
Cape Town,2010-04-15,7.68515900747347
Cape Town,2010-05-15,11.577616923122722
Cape Town,2010-06-15,14.804578312707655
Cape Town,2010-07-15,21.352004343997454
Cape Town,2010-08-15,24.79834864391145
Cape Town,2010-09-15,26.57686162362534
Cape Town,2010-10-15,23.831590304353654
Cape Town,2010-11-15,20.35236634836419
Cape Town,2010-12-15,14.64906287355265
Cape Town,2011-01-15,11.093903047346345
Cape Town,2011-02-15,7.7487882835976425
Cape Town,2011-03-15,5.389194159906721
Cape Town,2011-04-15,7.499503927464431
Cape Town,2011-05-15,10.219330941759411
Cape Town,2011-06-15,15.37734389746938
Cape Town,2011-07-15,21.00448698007537
Cape Town,2011-08-15,24.02880497973346
Cape Town,2011-09-15,25.779047008484156
Cape Town,2011-10-15,25.108729072671114
Cape Town,2011-11-15,22.733230649795328
Cape Town,2011-12-15,16.40232019529533
Cape Town,2012-01-15,9.180883669119558
Cape Town,2012-02-15,7.396191393746209
Cape Town,2012-03-15,5.507838297294461
Cape Town,2012-04-15,7.803708740385693
Cape Town,2012-05-15,10.232616269461822
Cape Town,2012-06-15,14.488264539150384
Cape Town,2012-07-15,21.53274210606535
Cape Town,2012-08-15,24.90210478624818
Cape Town,2012-09-15,26.578029900952576
Cape Town,2012-10-15,26.920226205777237
Cape Town,2012-11-15,20.047594025719988
Cape Town,2012-12-15,15.887058354792979
Cape Town,2013-01-15,12.145616922851282
Cape Town,2013-02-15,6.71862569290154
Cape Town,2013-03-15,6.018994699137434
Cape Town,2013-04-15,8.939507958624024
Cape Town,2013-05-15,10.238888185197201
Cape Town,2013-06-15,15.087951510053214
Cape Town,2013-07-15,22.30429958452531
Cape Town,2013-08-15,25.21259365136429
Cape Town,2013-09-15,25.86303560506362
Cape Town,2013-10-15,23.821170052470407
Cape Town,2013-11-15,21.993142433641783
Cape Town,2013-12-15,14.339859082433762
Cape Town,2014-01-15,10.715048346109228
Cape Town,2014-02-15,6.832184481336164
Cape Town,2014-03-15,6.7251909869544
Cape Town,2014-04-15,9.680640760251032
Cape Town,2014-05-15,12.203505264884832
Cape Town,2014-06-15,14.62338665433433
Cape Town,2014-07-15,22.22663402512131
Cape Town,2014-08-15,24.594474093153416
Cape Town,2014-09-15,26.27792626522702
Cape Town,2014-10-15,24.5757458046504
Cape Town,2014-11-15,19.959798934739585
Cape Town,2014-12-15,14.534729108048088
Cape Town,2015-01-15,11.422040446632696
Cape Town,2015-02-15,9.480305255926694
Cape Town,2015-03-15,7.241747822860511
Cape Town,2015-04-15,8.881144302451336
Cape Town,2015-05-15,11.995548278866455
Cape Town,2015-06-15,17.821706728421212
Cape Town,2015-07-15,21.10748630198777
Cape Town,2015-08-15,25.22218883823523
Cape Town,2015-09-15,26.368800247997697
Cape Town,2015-10-15,24.77610067125835
Cape Town,2015-11-15,20.442022707420172
Cape Town,2015-12-15,15.22658437304054
Cape Town,2016-01-15,10.78585301969508
Cape Town,2016-02-15,6.24061793263376
Cape Town,2016-03-15,7.447351252919403
Cape Town,2016-04-15,8.942010712273548
Cape Town,2016-05-15,11.348084233740169
Cape Town,2016-06-15,16.179311050548957
Cape Town,2016-07-15,20.833544603669267
Cape Town,2016-08-15,23.01264058988129
Cape Town,2016-09-15,26.23240822072916
Cape Town,2016-10-15,25.123659517620805
Cape Town,2016-11-15,21.587768809320682
Cape Town,2016-12-15,15.750651288588017
Cape Town,2017-01-15,10.604143357645652
Cape Town,2017-02-15,7.779367317356375
Cape Town,2017-03-15,5.507584958045073
Cape Town,2017-04-15,7.869246653247887
Cape Town,2017-05-15,12.446851504078964
Cape Town,2017-06-15,16.33245466425869
Cape Town,2017-07-15,20.096557630816086
Cape Town,2017-08-15,24.21789305730052
Cape Town,2017-09-15,26.311724264396354
Cape Town,2017-10-15,23.323198873230822
Cape Town,2017-11-15,22.707476812714656
Cape Town,2017-12-15,18.272637744366808
Cape Town,2018-01-15,10.274575646087737
Cape Town,2018-02-15,7.641907001953031
Cape Town,2018-03-15,7.282401895009334
Cape Town,2018-04-15,6.3826978682316575
Cape Town,2018-05-15,10.529041291120063
Cape Town,2018-06-15,17.69513025156884
Cape Town,2018-07-15,20.031094997261768
Cape Town,2018-08-15,22.480618593345376
Cape Town,2018-09-15,24.23385689410226
Cape Town,2018-10-15,25.678732038095465
Cape Town,2018-11-15,23.026963026413572
Cape Town,2018-12-15,16.423343213384307
Cape Town,2019-01-15,12.027986438769087
Cape Town,2019-02-15,7.995680071231865
Cape Town,2019-03-15,5.981116609973267
Cape Town,2019-04-15,6.2262465538612926
Cape Town,2019-05-15,12.172710368573904
Cape Town,2019-06-15,15.27190956215002
Cape Town,2019-07-15,21.23186303488378
Cape Town,2019-08-15,26.41567493236258
Cape Town,2019-09-15,26.107158156527912
Cape Town,2019-10-15,24.26408468505366
Cape Town,2019-11-15,20.76085763309022
Cape Town,2019-12-15,17.50187882132594
Paris,2010-01-15,12.037524504621253
Paris,2010-02-15,17.23205189467988
Paris,2010-03-15,19.98203265700347
Paris,2010-04-15,21.154433043776862
Paris,2010-05-15,21.394294144014143
Paris,2010-06-15,17.503705288912258
Paris,2010-07-15,14.79083171064716
Paris,2010-08-15,5.729816918468307
Paris,2010-09-15,4.276740469217944
Paris,2010-10-15,0.4574658478589073
Paris,2010-11-15,4.28315490485186
Paris,2010-12-15,5.76459592002058
Paris,2011-01-15,10.60267970184656
Paris,2011-02-15,17.24331980332294
Paris,2011-03-15,20.482042573290578
Paris,2011-04-15,21.96017493689369
Paris,2011-05-15,21.464618765237496
Paris,2011-06-15,18.498415371782556
Paris,2011-07-15,11.815961960409545
Paris,2011-08-15,6.983889754704145
Paris,2011-09-15,3.0963760573746955
Paris,2011-10-15,-0.23373046276710197
Paris,2011-11-15,3.896049348583044
Paris,2011-12-15,4.530724869325606
Paris,2012-01-15,12.603062494147053
Paris,2012-02-15,17.207130440223644
Paris,2012-03-15,20.138503889002767
Paris,2012-04-15,23.325084803664396
Paris,2012-05-15,19.650704417137693
Paris,2012-06-15,19.245829016624935
Paris,2012-07-15,12.177352367303493
Paris,2012-08-15,6.290922365787015
Paris,2012-09-15,3.4165776511798813
Paris,2012-10-15,4.222044534717398
Paris,2012-11-15,2.355825463546399
Paris,2012-12-15,5.658089978608956
Paris,2013-01-15,13.322113998927081
Paris,2013-02-15,17.64545614357612
Paris,2013-03-15,20.042474086574995
Paris,2013-04-15,19.852926418906886
Paris,2013-05-15,19.78788512684196
Paris,2013-06-15,16.65596078417926
Paris,2013-07-15,13.084102975094444
Paris,2013-08-15,7.973109414498851
Paris,2013-09-15,5.277158703653268
Paris,2013-10-15,2.180973727195389
Paris,2013-11-15,3.01033595054777
Paris,2013-12-15,6.6793169497096825
Paris,2014-01-15,13.25244240353373
Paris,2014-02-15,18.009219025967937
Paris,2014-03-15,20.93122188374183
Paris,2014-04-15,22.036278453495868
Paris,2014-05-15,21.200413668680465
Paris,2014-06-15,16.331702959944213
Paris,2014-07-15,11.911316937387065
Paris,2014-08-15,7.660081508866088
Paris,2014-09-15,3.1694649939851853
Paris,2014-10-15,2.9772780254985167
Paris,2014-11-15,5.672596993129138
Paris,2014-12-15,6.980520150147809
Paris,2015-01-15,12.904801374891804
Paris,2015-02-15,15.932310307006095
Paris,2015-03-15,19.310227797741117
Paris,2015-04-15,22.039365947083148
Paris,2015-05-15,21.743868951090153
Paris,2015-06-15,16.49851756692639
Paris,2015-07-15,11.115673450512702
Paris,2015-08-15,6.397571209472557
Paris,2015-09-15,4.269424205679826
Paris,2015-10-15,2.562262117969767
Paris,2015-11-15,4.98273683806046
Paris,2015-12-15,7.6553858078951045
Paris,2016-01-15,10.630889756964704
Paris,2016-02-15,15.510795312514087
Paris,2016-03-15,20.827817257059575
Paris,2016-04-15,22.98623687392221
Paris,2016-05-15,21.446704354437024
Paris,2016-06-15,17.457044680820584
Paris,2016-07-15,13.868644966325345
Paris,2016-08-15,8.057248078152035
Paris,2016-09-15,3.7073877551212355
Paris,2016-10-15,2.7392318029914295
Paris,2016-11-15,4.22938441212711
Paris,2016-12-15,6.835111360044834
Paris,2017-01-15,11.692385373424672
Paris,2017-02-15,15.827836105985272
Paris,2017-03-15,21.41497614201473
Paris,2017-04-15,21.968310367673325
Paris,2017-05-15,19.597838351624077
Paris,2017-06-15,18.438699210038823
Paris,2017-07-15,11.064444458785365
Paris,2017-08-15,6.80305768620809
Paris,2017-09-15,2.4805103637594454
Paris,2017-10-15,3.51319960735243
Paris,2017-11-15,3.7022946666617664
Paris,2017-12-15,9.066285330938543
Paris,2018-01-15,12.571395313138824
Paris,2018-02-15,16.617147294484575
Paris,2018-03-15,20.47993679006131
Paris,2018-04-15,22.5733023606206
Paris,2018-05-15,20.95690436125541
Paris,2018-06-15,18.44724850214018
Paris,2018-07-15,11.65693165371588
Paris,2018-08-15,6.0970402901773495
Paris,2018-09-15,6.229111079064137
Paris,2018-10-15,1.1693548101887667
Paris,2018-11-15,3.1070559280185366
Paris,2018-12-15,8.035708003344329
Paris,2019-01-15,11.737506626351879
Paris,2019-02-15,17.116653930936643
Paris,2019-03-15,21.993524776441145
Paris,2019-04-15,19.898713147702093
Paris,2019-05-15,19.547472512462786
Paris,2019-06-15,16.77961939833905
Paris,2019-07-15,10.903796265364761
Paris,2019-08-15,7.235892319816419
Paris,2019-09-15,4.320812251524638
Paris,2019-10-15,4.174111858939238
Paris,2019-11-15,3.2228342911828505
Paris,2019-12-15,8.64529798392206
Berlin,2010-01-15,12.354753935957346
Berlin,2010-02-15,15.475775571169294
Berlin,2010-03-15,17.5378711068884
Berlin,2010-04-15,18.515401666059528
Berlin,2010-05-15,18.05454843156534
Berlin,2010-06-15,15.955587395006177
Berlin,2010-07-15,11.52710019630834
Berlin,2010-08-15,5.193737275422206
Berlin,2010-09-15,2.191218813748441
Berlin,2010-10-15,0.8849888780523206
Berlin,2010-11-15,1.9866242595053576
Berlin,2010-12-15,4.735143023827501
Berlin,2011-01-15,9.675087114679108
Berlin,2011-02-15,14.336979819742417
Berlin,2011-03-15,18.774733432294145
Berlin,2011-04-15,20.574368981423877
Berlin,2011-05-15,18.277633321025125
Berlin,2011-06-15,15.514870236277238
Berlin,2011-07-15,9.475983556915489
Berlin,2011-08-15,4.677559730204787
Berlin,2011-09-15,0.684256603361125
Berlin,2011-10-15,-1.643890654254265
Berlin,2011-11-15,2.079284917116331
Berlin,2011-12-15,5.123017730074968
Berlin,2012-01-15,10.663350884518842
Berlin,2012-02-15,13.210607597218752
Berlin,2012-03-15,17.293708790287308
Berlin,2012-04-15,19.30328914809134
Berlin,2012-05-15,19.85827144954068
Berlin,2012-06-15,13.918937706795509
Berlin,2012-07-15,8.245626806799601
Berlin,2012-08-15,4.73372244586274
Berlin,2012-09-15,1.0768339496423625
Berlin,2012-10-15,0.5871850696457671
Berlin,2012-11-15,2.253400177108455
Berlin,2012-12-15,3.565321102861262
Berlin,2013-01-15,10.009468306282514
Berlin,2013-02-15,16.86175069245469
Berlin,2013-03-15,18.412959767257057
Berlin,2013-04-15,20.93821621445139
Berlin,2013-05-15,19.974323053259777
Berlin,2013-06-15,14.442464847950896
Berlin,2013-07-15,11.355697170932343
Berlin,2013-08-15,3.8789587115449464
Berlin,2013-09-15,2.3121106545728574
Berlin,2013-10-15,0.3997316458518582
Berlin,2013-11-15,0.7331320171507043
Berlin,2013-12-15,3.267074762796407
Berlin,2014-01-15,11.20677533350652
Berlin,2014-02-15,14.377445502856402
Berlin,2014-03-15,17.388396203045694
Berlin,2014-04-15,21.0175860527535
Berlin,2014-05-15,19.783374771288223
Berlin,2014-06-15,15.480779029487747
Berlin,2014-07-15,7.661430906288179
Berlin,2014-08-15,4.048484256918221
Berlin,2014-09-15,3.6179597021883168
Berlin,2014-10-15,0.61876545099112
Berlin,2014-11-15,1.7318239494419472
Berlin,2014-12-15,5.49506956317117
Berlin,2015-01-15,9.542236472525925
Berlin,2015-02-15,15.091817054629594
Berlin,2015-03-15,17.860373379723978
Berlin,2015-04-15,21.953163725716426
Berlin,2015-05-15,18.822421315787494
Berlin,2015-06-15,16.47367765345397
Berlin,2015-07-15,10.573054034287843
Berlin,2015-08-15,7.122191929791445
Berlin,2015-09-15,3.8261556356231488
Berlin,2015-10-15,1.0581821353125562
Berlin,2015-11-15,1.7213937069960532
Berlin,2015-12-15,6.67972577617513
Berlin,2016-01-15,10.460609729798884
Berlin,2016-02-15,13.410687072276266
Berlin,2016-03-15,17.925481282708088
Berlin,2016-04-15,20.13853368568155
Berlin,2016-05-15,21.107627251080288
Berlin,2016-06-15,13.011666902259808
Berlin,2016-07-15,10.622024859110844
Berlin,2016-08-15,2.3127639853279214
Berlin,2016-09-15,0.9877588465904812
Berlin,2016-10-15,-0.4810625965913299
Berlin,2016-11-15,2.6043851556443993
Berlin,2016-12-15,4.796234202103729
Berlin,2017-01-15,10.288434104149783
Berlin,2017-02-15,15.820656791853578
Berlin,2017-03-15,18.107582026690388
Berlin,2017-04-15,17.826184031546916
Berlin,2017-05-15,20.36602538595918
Berlin,2017-06-15,16.322685785033435
Berlin,2017-07-15,9.062710086768233
Berlin,2017-08-15,6.35298465732008
Berlin,2017-09-15,1.9380536602636116
Berlin,2017-10-15,-1.9645344167438141
Berlin,2017-11-15,1.3957945642985832
Berlin,2017-12-15,6.014797044681427
Berlin,2018-01-15,12.39905392417299
Berlin,2018-02-15,15.299441465448744
Berlin,2018-03-15,20.5429629396187
Berlin,2018-04-15,21.69650967821622
Berlin,2018-05-15,17.209337418701498
Berlin,2018-06-15,14.13725060711834
Berlin,2018-07-15,7.497299838154468
Berlin,2018-08-15,4.454781837094863
Berlin,2018-09-15,2.2620268730575113
Berlin,2018-10-15,1.6354562809521733
Berlin,2018-11-15,2.6500454870800265
Berlin,2018-12-15,4.790648437710012
Berlin,2019-01-15,9.641913097046546
Berlin,2019-02-15,17.37167015224334
Berlin,2019-03-15,20.24232638707791
Berlin,2019-04-15,21.173901135166496
Berlin,2019-05-15,17.357803840855308
Berlin,2019-06-15,16.123002118609516
Berlin,2019-07-15,10.28213502027567
Berlin,2019-08-15,4.388792009802351
Berlin,2019-09-15,3.459513397391964
Berlin,2019-10-15,0.5104241783947163
Berlin,2019-11-15,1.0449393637492324
Berlin,2019-12-15,4.993808363010662
